VPS ID,Printer Name,Printer Long Name,Group Name,Driver,Comm Type,TCP Host,TCP Remote Port,Color,Duplex,Department,Contact,User Data 4,Branch,Accounting,Alternate Printer,Auto Eject,Class,Compress,Device Model,Device Type,Device Username,Device Password,Divert,Divert Reason,Drained,Encryption Device Type,Encryption Key,Encrypt,Error Action,Filter 1 Data Type,Filter 1,Filter 1 Args,Filter 2 Data Type,Filter 2,Filter 2 Args,Filter 3 Data Type,Filter 3,Filter 3 Args,Filter 4 Data Type,Filter 4,Filter 4 Args,Filter 5 Data Type,Filter 5,Filter 5 Args,Filter 6 Data Type,Filter 6,Filter 6 Args,Filter 7 Data Type,Filter 7,Filter 7 Args,Filter 8,Filter 8 Data Type,Filter 8 Args,Filter 9 Data Type,Filter 9,Filter 9 Args,Form Feed Sequence,Form,Hold,Job Overlap,Mail CharSet,Mail F Name,Mail From,Mail: Delivered,Mail: Failed,Mail: Delayed,Mail: Full Message,Mail: Headers,Mail: Server log,Mail Size,Mail To,Max KBPS,Mobile Connector Options,XT Box IP Address,Next Line Sequence,Notification Level,Notification Mail,PCMD End,PCMD Start,PJL,PJL 1:,PJL 2:,PJL 3:,PJL 4:,PJL 5:,PJL 6:,PJL 7:,PJL 8:,PJL 9:,PJL 10:,PJL 11:,PJL 12:,PPD File,Printer Options 1,Printer Options 2,Printer Options 3,Printer Options 4,Printer Options 5,Printer Options 6,Printer Options 7,Printer Options 8,Printer Options 9,Printer Options 10,Printer Options 11,Printer Options 12,Printer Options 13,Pull Print,Queue Time,Queue,Reply To,Retain Time,Retry,Separator,Separator Name,Separator At Restart,SNMP,SNMP Community Name,SSL Options 1,Staple,TCP Alternate Host,TCP Connection Time Out,TCP Disconnect,Missing Response Detection,TCP Options 1,TCP Options 2,TCP Options 3,TCP Options 4,TCP Options 5,TCP Options 6,TCP Options 7,TCP Options 8,TCP Printer,Trace Memory,Trace File I/O,Trace Communication,Trace Locking,Trace Condition Variables,Trace Thread,Trace System,Trace Compression,User Data 1,User Data 2,User Data 3,User Properties,Intersystem Connection,Enable Impress,Windows Color,Windows Duplex,Create Direct Printer Definition,Use LPR,Disable Auto Driver Updates,Windows Orientation,Windows Paper,ZPL Characters
GWCVPS02,P2686,RICOHAficioMP4001,Canada,"HP Universal Printing PCL 6 <+> Version (08/23/2017,61.210.01.22695)",TCPIP/PJL,<ip addr>,9100,,,,,,Branch #,Y,,Y,,Y,HP,PS,,,N,,N,LRSQUEUE,dynamic,N,HOLD,PDF,/opt/lrs/convert1/lrscvdr,PDF2PS &KEYPDF2PS -i &infile -type PDF -o &outfile -type PS -logdir &TMPDIR -logfile &PRINTER,,,,,,,,,,,,,,,,,,,,,,,,,0D0C0D,,N,1,ISO-8859-15,,,No,No,No,No,No,No,0,,0,,,0D0A,1,,,,N,Yes,Yes,Yes,No,No,No,No,No,No,No,No,No,,No,No,No,No,No,No,No,No,No,No,No,No,No,N,72,,,72,20,N,default,N,Y,public,No,N,,20,0,0,No,No,No,No,No,No,No,No,,No,No,No,No,No,No,No,No,,,,0,N,No,,,Yes,No,No,,,10
GWCVPS02,P2687,HPLaserJetM3035MFP,Canada,"HP Universal Printing PCL 6 <+> Version (08/23/2017,61.210.01.22695)",TCPIP/PJL,<ip addr>,9100,,,,,,Branch #,Y,,Y,,Y,HP,PS,,,N,,N,LRSQUEUE,dynamic,N,HOLD,PDF,/opt/lrs/convert1/lrscvdr,PDF2PS &KEYPDF2PS -i &infile -type PDF -o &outfile -type PS -logdir &TMPDIR -logfile &PRINTER,,,,,,,,,,,,,,,,,,,,,,,,,0D0C0D,,N,1,ISO-8859-15,,,No,No,No,No,No,No,0,,0,,,0D0A,1,,,,N,Yes,Yes,Yes,No,No,No,No,No,No,No,No,No,,No,No,No,No,No,No,No,No,No,No,No,No,No,N,72,,,72,20,N,default,N,Y,public,No,N,,20,0,0,No,No,No,No,No,No,No,No,,No,No,No,No,No,No,No,No,,,,0,N,No,,,Yes,No,No,,,10
GWCVPS02,P2688,HPLaserJet600M602,Canada,"HP Universal Printing PCL 6 <+> Version (08/23/2017,61.210.01.22695)",TCPIP/PJL,<ip addr>,9100,,,,,,Branch #,Y,,Y,,Y,HP,PS,,,N,,N,LRSQUEUE,dynamic,N,HOLD,PDF,/opt/lrs/convert1/lrscvdr,PDF2PS &KEYPDF2PS -i &infile -type PDF -o &outfile -type PS -logdir &TMPDIR -logfile &PRINTER,,,,,,,,,,,,,,,,,,,,,,,,,0D0C0D,,N,1,ISO-8859-15,,,No,No,No,No,No,No,0,,0,,,0D0A,1,,,,N,Yes,Yes,Yes,No,No,No,No,No,No,No,No,No,,No,No,No,No,No,No,No,No,No,No,No,No,No,N,72,,,72,20,N,default,N,Y,public,No,N,,20,0,0,No,No,No,No,No,No,No,No,,No,No,No,No,No,No,No,No,,,,0,N,No,,,Yes,No,No,,,10
GWCVPS02,P2689,HPLaserJet600M602,Canada,"HP Universal Printing PCL 6 <+> Version (08/23/2017,61.210.01.22695)",TCPIP/PJL,<ip addr>,9100,,,,,,Branch #,Y,,Y,,Y,HP,PS,,,N,,N,LRSQUEUE,dynamic,N,HOLD,PDF,/opt/lrs/convert1/lrscvdr,PDF2PS &KEYPDF2PS -i &infile -type PDF -o &outfile -type PS -logdir &TMPDIR -logfile &PRINTER,,,,,,,,,,,,,,,,,,,,,,,,,0D0C0D,,N,1,ISO-8859-15,,,No,No,No,No,No,No,0,,0,,,0D0A,1,,,,N,Yes,Yes,Yes,No,No,No,No,No,No,No,No,No,,No,No,No,No,No,No,No,No,No,No,No,No,No,N,72,,,72,20,N,default,N,Y,public,No,N,,20,0,0,No,No,No,No,No,No,No,No,,No,No,No,No,No,No,No,No,,,,0,N,No,,,Yes,No,No,,,10
GWCVPS02,P2690,HPLaserJet500MFPM525,Canada,"HP Universal Printing PCL 6 <+> Version (08/23/2017,61.210.01.22695)",TCPIP/PJL,<ip addr>,9100,,,,,,Branch #,Y,,Y,,Y,HP,PS,,,N,,N,LRSQUEUE,dynamic,N,HOLD,PDF,/opt/lrs/convert1/lrscvdr,PDF2PS &KEYPDF2PS -i &infile -type PDF -o &outfile -type PS -logdir &TMPDIR -logfile &PRINTER,,,,,,,,,,,,,,,,,,,,,,,,,0D0C0D,,N,1,ISO-8859-15,,,No,No,No,No,No,No,0,,0,,,0D0A,1,,,,N,Yes,Yes,Yes,No,No,No,No,No,No,No,No,No,,No,No,No,No,No,No,No,No,No,No,No,No,No,N,72,,,72,20,N,default,N,Y,public,No,N,,20,0,0,No,No,No,No,No,No,No,No,,No,No,No,No,No,No,No,No,,,,0,N,No,,,Yes,No,No,,,10
GWCVPS02,P2691,HPLaserJet600M602,Canada,"HP Universal Printing PCL 6 <+> Version (08/23/2017,61.210.01.22695)",,<ip addr>,9100,,,,,,Branch #,Y,,Y,,Y,HP,PS,,,N,,N,LRSQUEUE,dynamic,N,HOLD,PDF,/opt/lrs/convert1/lrscvdr,PDF2PS &KEYPDF2PS -i &infile -type PDF -o &outfile -type PS -logdir &TMPDIR -logfile &PRINTER,,,,,,,,,,,,,,,,,,,,,,,,,0D0C0D,,N,2,ISO-8859-16,,,No,No,No,No,No,No,0,,0,,,0D0A,2,,,,N,Yes,Yes,Yes,No,No,No,No,No,No,No,No,No,,No,No,No,No,No,No,No,No,No,No,No,No,No,N,72,,,72,20,N,default,N,Y,public,No,N,,20,0,0,No,No,No,No,No,No,No,No,,No,No,No,No,No,No,No,No,,,,1,N,No,,,Yes,No,No,,,11
GWCVPS02,P2692,RICOHAficioMP3010,Canada,"HP Universal Printing PCL 6 <+> Version (08/23/2017,61.210.01.22695)",,<ip addr>,9100,,,,,,Branch #,Y,,Y,,Y,HP,PS,,,N,,N,LRSQUEUE,dynamic,N,HOLD,PDF,/opt/lrs/convert1/lrscvdr,PDF2PS &KEYPDF2PS -i &infile -type PDF -o &outfile -type PS -logdir &TMPDIR -logfile &PRINTER,,,,,,,,,,,,,,,,,,,,,,,,,0D0C0D,,N,3,ISO-8859-17,,,No,No,No,No,No,No,0,,0,,,0D0A,3,,,,N,Yes,Yes,Yes,No,No,No,No,No,No,No,No,No,,No,No,No,No,No,No,No,No,No,No,No,No,No,N,72,,,72,20,N,default,N,Y,public,No,N,,20,0,0,No,No,No,No,No,No,No,No,,No,No,No,No,No,No,No,No,,,,2,N,No,,,Yes,No,No,,,12
GWCVPS02,P2693,HPLaserJetP3010Series,Canada,"HP Universal Printing PCL 6 <+> Version (08/23/2017,61.210.01.22695)",,<ip addr>,9100,,,,,,Branch #,Y,,Y,,Y,HP,PS,,,N,,N,LRSQUEUE,dynamic,N,HOLD,PDF,/opt/lrs/convert1/lrscvdr,PDF2PS &KEYPDF2PS -i &infile -type PDF -o &outfile -type PS -logdir &TMPDIR -logfile &PRINTER,,,,,,,,,,,,,,,,,,,,,,,,,0D0C0D,,N,4,ISO-8859-18,,,No,No,No,No,No,No,0,,0,,,0D0A,4,,,,N,Yes,Yes,Yes,No,No,No,No,No,No,No,No,No,,No,No,No,No,No,No,No,No,No,No,No,No,No,N,72,,,72,20,N,default,N,Y,public,No,N,,20,0,0,No,No,No,No,No,No,No,No,,No,No,No,No,No,No,No,No,,,,3,N,No,,,Yes,No,No,,,13
GWCVPS02,P2694,HPPageWideColorMFP586,Canada,"HP Universal Printing PCL 6 <+> Version (08/23/2017,61.210.01.22695)",,<ip addr>,9100,,,,,,Branch #,Y,,Y,,Y,HP,PS,,,N,,N,LRSQUEUE,dynamic,N,HOLD,PDF,/opt/lrs/convert1/lrscvdr,PDF2PS &KEYPDF2PS -i &infile -type PDF -o &outfile -type PS -logdir &TMPDIR -logfile &PRINTER,,,,,,,,,,,,,,,,,,,,,,,,,0D0C0D,,N,5,ISO-8859-19,,,No,No,No,No,No,No,0,,0,,,0D0A,5,,,,N,Yes,Yes,Yes,No,No,No,No,No,No,No,No,No,,No,No,No,No,No,No,No,No,No,No,No,No,No,N,72,,,72,20,N,default,N,Y,public,No,N,,20,0,0,No,No,No,No,No,No,No,No,,No,No,No,No,No,No,No,No,,,,4,N,No,,,Yes,No,No,,,14
GWCVPS02,P2695,HPLaserJet600M602,Canada,"HP Universal Printing PCL 6 <+> Version (08/23/2017,61.210.01.22695)",,<ip addr>,9100,,,,,,Branch #,Y,,Y,,Y,HP,PS,,,N,,N,LRSQUEUE,dynamic,N,HOLD,PDF,/opt/lrs/convert1/lrscvdr,PDF2PS &KEYPDF2PS -i &infile -type PDF -o &outfile -type PS -logdir &TMPDIR -logfile &PRINTER,,,,,,,,,,,,,,,,,,,,,,,,,0D0C0D,,N,6,ISO-8859-20,,,No,No,No,No,No,No,0,,0,,,0D0A,6,,,,N,Yes,Yes,Yes,No,No,No,No,No,No,No,No,No,,No,No,No,No,No,No,No,No,No,No,No,No,No,N,72,,,72,20,N,default,N,Y,public,No,N,,20,0,0,No,No,No,No,No,No,No,No,,No,No,No,No,No,No,No,No,,,,5,N,No,,,Yes,No,No,,,15
GWCVPS02,P2696,HPLaserJetM506,Canada,"HP Universal Printing PCL 6 <+> Version (08/23/2017,61.210.01.22695)",,<ip addr>,9100,,,,,,Branch #,Y,,Y,,Y,HP,PS,,,N,,N,LRSQUEUE,dynamic,N,HOLD,PDF,/opt/lrs/convert1/lrscvdr,PDF2PS &KEYPDF2PS -i &infile -type PDF -o &outfile -type PS -logdir &TMPDIR -logfile &PRINTER,,,,,,,,,,,,,,,,,,,,,,,,,0D0C0D,,N,7,ISO-8859-21,,,No,No,No,No,No,No,0,,0,,,0D0A,7,,,,N,Yes,Yes,Yes,No,No,No,No,No,No,No,No,No,,No,No,No,No,No,No,No,No,No,No,No,No,No,N,72,,,72,20,N,default,N,Y,public,No,N,,20,0,0,No,No,No,No,No,No,No,No,,No,No,No,No,No,No,No,No,,,,6,N,No,,,Yes,No,No,,,16
GWCVPS02,P2697,RICOHAficioMP161,Canada,"HP Universal Printing PCL 6 <+> Version (08/23/2017,61.210.01.22695)",,<ip addr>,9100,,,,,,Branch #,Y,,Y,,Y,HP,PS,,,N,,N,LRSQUEUE,dynamic,N,HOLD,PDF,/opt/lrs/convert1/lrscvdr,PDF2PS &KEYPDF2PS -i &infile -type PDF -o &outfile -type PS -logdir &TMPDIR -logfile &PRINTER,,,,,,,,,,,,,,,,,,,,,,,,,0D0C0D,,N,8,ISO-8859-22,,,No,No,No,No,No,No,0,,0,,,0D0A,8,,,,N,Yes,Yes,Yes,No,No,No,No,No,No,No,No,No,,No,No,No,No,No,No,No,No,No,No,No,No,No,N,72,,,72,20,N,default,N,Y,public,No,N,,20,0,0,No,No,No,No,No,No,No,No,,No,No,No,No,No,No,No,No,,,,7,N,No,,,Yes,No,No,,,17
GWCVPS02,P2698,HPLaserJetP3010Series,Canada,"HP Universal Printing PCL 6 <+> Version (08/23/2017,61.210.01.22695)",,<ip addr>,9100,,,,,,Branch #,Y,,Y,,Y,HP,PS,,,N,,N,LRSQUEUE,dynamic,N,HOLD,PDF,/opt/lrs/convert1/lrscvdr,PDF2PS &KEYPDF2PS -i &infile -type PDF -o &outfile -type PS -logdir &TMPDIR -logfile &PRINTER,,,,,,,,,,,,,,,,,,,,,,,,,0D0C0D,,N,9,ISO-8859-23,,,No,No,No,No,No,No,0,,0,,,0D0A,9,,,,N,Yes,Yes,Yes,No,No,No,No,No,No,No,No,No,,No,No,No,No,No,No,No,No,No,No,No,No,No,N,72,,,72,20,N,default,N,Y,public,No,N,,20,0,0,No,No,No,No,No,No,No,No,,No,No,No,No,No,No,No,No,,,,8,N,No,,,Yes,No,No,,,18
GWCVPS02,P2699,HPLaserJet600M602,Canada,"HP Universal Printing PCL 6 <+> Version (08/23/2017,61.210.01.22695)",,<ip addr>,9100,,,,,,Branch #,Y,,Y,,Y,HP,PS,,,N,,N,LRSQUEUE,dynamic,N,HOLD,PDF,/opt/lrs/convert1/lrscvdr,PDF2PS &KEYPDF2PS -i &infile -type PDF -o &outfile -type PS -logdir &TMPDIR -logfile &PRINTER,,,,,,,,,,,,,,,,,,,,,,,,,0D0C0D,,N,10,ISO-8859-24,,,No,No,No,No,No,No,0,,0,,,0D0A,10,,,,N,Yes,Yes,Yes,No,No,No,No,No,No,No,No,No,,No,No,No,No,No,No,No,No,No,No,No,No,No,N,72,,,72,20,N,default,N,Y,public,No,N,,20,0,0,No,No,No,No,No,No,No,No,,No,No,No,No,No,No,No,No,,,,9,N,No,,,Yes,No,No,,,19
GWCVPS02,P2700,HPLaserJet600M602,Canada,"HP Universal Printing PCL 6 <+> Version (08/23/2017,61.210.01.22695)",,<ip addr>,9100,,,,,,Branch #,Y,,Y,,Y,HP,PS,,,N,,N,LRSQUEUE,dynamic,N,HOLD,PDF,/opt/lrs/convert1/lrscvdr,PDF2PS &KEYPDF2PS -i &infile -type PDF -o &outfile -type PS -logdir &TMPDIR -logfile &PRINTER,,,,,,,,,,,,,,,,,,,,,,,,,0D0C0D,,N,11,ISO-8859-25,,,No,No,No,No,No,No,0,,0,,,0D0A,11,,,,N,Yes,Yes,Yes,No,No,No,No,No,No,No,No,No,,No,No,No,No,No,No,No,No,No,No,No,No,No,N,72,,,72,20,N,default,N,Y,public,No,N,,20,0,0,No,No,No,No,No,No,No,No,,No,No,No,No,No,No,No,No,,,,10,N,No,,,Yes,No,No,,,20
GWCVPS02,P2701,HPLaserJetMFPM426f,Canada,"HP Universal Printing PCL 6 <+> Version (08/23/2017,61.210.01.22695)",,<ip addr>,9100,,,,,,Branch #,Y,,Y,,Y,HP,PS,,,N,,N,LRSQUEUE,dynamic,N,HOLD,PDF,/opt/lrs/convert1/lrscvdr,PDF2PS &KEYPDF2PS -i &infile -type PDF -o &outfile -type PS -logdir &TMPDIR -logfile &PRINTER,,,,,,,,,,,,,,,,,,,,,,,,,0D0C0D,,N,12,ISO-8859-26,,,No,No,No,No,No,No,0,,0,,,0D0A,12,,,,N,Yes,Yes,Yes,No,No,No,No,No,No,No,No,No,,No,No,No,No,No,No,No,No,No,No,No,No,No,N,72,,,72,20,N,default,N,Y,public,No,N,,20,0,0,No,No,No,No,No,No,No,No,,No,No,No,No,No,No,No,No,,,,11,N,No,,,Yes,No,No,,,21
GWCVPS02,P2702,HPLaserJetM506,Canada,"HP Universal Printing PCL 6 <+> Version (08/23/2017,61.210.01.22695)",,<ip addr>,9100,,,,,,Branch #,Y,,Y,,Y,HP,PS,,,N,,N,LRSQUEUE,dynamic,N,HOLD,PDF,/opt/lrs/convert1/lrscvdr,PDF2PS &KEYPDF2PS -i &infile -type PDF -o &outfile -type PS -logdir &TMPDIR -logfile &PRINTER,,,,,,,,,,,,,,,,,,,,,,,,,0D0C0D,,N,13,ISO-8859-27,,,No,No,No,No,No,No,0,,0,,,0D0A,13,,,,N,Yes,Yes,Yes,No,No,No,No,No,No,No,No,No,,No,No,No,No,No,No,No,No,No,No,No,No,No,N,72,,,72,20,N,default,N,Y,public,No,N,,20,0,0,No,No,No,No,No,No,No,No,,No,No,No,No,No,No,No,No,,,,12,N,No,,,Yes,No,No,,,22
GWCVPS02,P2703,HPLaserJetM3035MFP,Canada,"HP Universal Printing PCL 6 <+> Version (08/23/2017,61.210.01.22695)",,<ip addr>,9100,,,,,,Branch #,Y,,Y,,Y,HP,PS,,,N,,N,LRSQUEUE,dynamic,N,HOLD,PDF,/opt/lrs/convert1/lrscvdr,PDF2PS &KEYPDF2PS -i &infile -type PDF -o &outfile -type PS -logdir &TMPDIR -logfile &PRINTER,,,,,,,,,,,,,,,,,,,,,,,,,0D0C0D,,N,14,ISO-8859-28,,,No,No,No,No,No,No,0,,0,,,0D0A,14,,,,N,Yes,Yes,Yes,No,No,No,No,No,No,No,No,No,,No,No,No,No,No,No,No,No,No,No,No,No,No,N,72,,,72,20,N,default,N,Y,public,No,N,,20,0,0,No,No,No,No,No,No,No,No,,No,No,No,No,No,No,No,No,,,,13,N,No,,,Yes,No,No,,,23
GWCVPS02,ZBCON001,ZTCZT410-300dpiZPL,Canada,,,<ip addr>,,,,,,,Branch #,Y,,Y,,Y,HP,PS,,,N,,N,LRSQUEUE,dynamic,N,HOLD,PDF,/opt/lrs/convert1/lrscvdr,PDF2PS &KEYPDF2PS -i &infile -type PDF -o &outfile -type PS -logdir &TMPDIR -logfile &PRINTER,,,,,,,,,,,,,,,,,,,,,,,,,0D0C0D,,N,15,ISO-8859-29,,,No,No,No,No,No,No,0,,0,,,0D0A,15,,,,N,Yes,Yes,Yes,No,No,No,No,No,No,No,No,No,,No,No,No,No,No,No,No,No,No,No,No,No,No,N,72,,,72,20,N,default,N,Y,public,No,N,,20,0,0,No,No,No,No,No,No,No,No,,No,No,No,No,No,No,No,No,,,,14,N,No,,,Yes,No,No,,,24
GWCVPS02,P2704,HPLaserJet600M602,Canada,"HP Universal Printing PCL 6 <+> Version (08/23/2017,61.210.01.22695)",,<ip addr>,9100,,,,,,Branch #,Y,,Y,,Y,HP,PS,,,N,,N,LRSQUEUE,dynamic,N,HOLD,PDF,/opt/lrs/convert1/lrscvdr,PDF2PS &KEYPDF2PS -i &infile -type PDF -o &outfile -type PS -logdir &TMPDIR -logfile &PRINTER,,,,,,,,,,,,,,,,,,,,,,,,,0D0C0D,,N,16,ISO-8859-30,,,No,No,No,No,No,No,0,,0,,,0D0A,16,,,,N,Yes,Yes,Yes,No,No,No,No,No,No,No,No,No,,No,No,No,No,No,No,No,No,No,No,No,No,No,N,72,,,72,20,N,default,N,Y,public,No,N,,20,0,0,No,No,No,No,No,No,No,No,,No,No,No,No,No,No,No,No,,,,15,N,No,,,Yes,No,No,,,25
GWCVPS02,P2705,HPLaserJetM3035MFP,Canada,"HP Universal Printing PCL 6 <+> Version (08/23/2017,61.210.01.22695)",,<ip addr>,9100,,,,,,Branch #,Y,,Y,,Y,HP,PS,,,N,,N,LRSQUEUE,dynamic,N,HOLD,PDF,/opt/lrs/convert1/lrscvdr,PDF2PS &KEYPDF2PS -i &infile -type PDF -o &outfile -type PS -logdir &TMPDIR -logfile &PRINTER,,,,,,,,,,,,,,,,,,,,,,,,,0D0C0D,,N,17,ISO-8859-31,,,No,No,No,No,No,No,0,,0,,,0D0A,17,,,,N,Yes,Yes,Yes,No,No,No,No,No,No,No,No,No,,No,No,No,No,No,No,No,No,No,No,No,No,No,N,72,,,72,20,N,default,N,Y,public,No,N,,20,0,0,No,No,No,No,No,No,No,No,,No,No,No,No,No,No,No,No,,,,16,N,No,,,Yes,No,No,,,26
GWCVPS02,P2706,HPPageWideColorMFP586,Canada,"HP Universal Printing PCL 6 <+> Version (08/23/2017,61.210.01.22695)",,<ip addr>,9100,,,,,,Branch #,Y,,Y,,Y,HP,PS,,,N,,N,LRSQUEUE,dynamic,N,HOLD,PDF,/opt/lrs/convert1/lrscvdr,PDF2PS &KEYPDF2PS -i &infile -type PDF -o &outfile -type PS -logdir &TMPDIR -logfile &PRINTER,,,,,,,,,,,,,,,,,,,,,,,,,0D0C0D,,N,18,ISO-8859-32,,,No,No,No,No,No,No,0,,0,,,0D0A,18,,,,N,Yes,Yes,Yes,No,No,No,No,No,No,No,No,No,,No,No,No,No,No,No,No,No,No,No,No,No,No,N,72,,,72,20,N,default,N,Y,public,No,N,,20,0,0,No,No,No,No,No,No,No,No,,No,No,No,No,No,No,No,No,,,,17,N,No,,,Yes,No,No,,,27
GWCVPS02,P2707,HPLaserJet600M602,Canada,"HP Universal Printing PCL 6 <+> Version (08/23/2017,61.210.01.22695)",,<ip addr>,9100,,,,,,Branch #,Y,,Y,,Y,HP,PS,,,N,,N,LRSQUEUE,dynamic,N,HOLD,PDF,/opt/lrs/convert1/lrscvdr,PDF2PS &KEYPDF2PS -i &infile -type PDF -o &outfile -type PS -logdir &TMPDIR -logfile &PRINTER,,,,,,,,,,,,,,,,,,,,,,,,,0D0C0D,,N,19,ISO-8859-33,,,No,No,No,No,No,No,0,,0,,,0D0A,19,,,,N,Yes,Yes,Yes,No,No,No,No,No,No,No,No,No,,No,No,No,No,No,No,No,No,No,No,No,No,No,N,72,,,72,20,N,default,N,Y,public,No,N,,20,0,0,No,No,No,No,No,No,No,No,,No,No,No,No,No,No,No,No,,,,18,N,No,,,Yes,No,No,,,28
GWCVPS02,P2708,HPLaserJetMFPM630,Canada,"HP Universal Printing PCL 6 <+> Version (08/23/2017,61.210.01.22695)",,<ip addr>,9100,,,,,,Branch #,Y,,Y,,Y,HP,PS,,,N,,N,LRSQUEUE,dynamic,N,HOLD,PDF,/opt/lrs/convert1/lrscvdr,PDF2PS &KEYPDF2PS -i &infile -type PDF -o &outfile -type PS -logdir &TMPDIR -logfile &PRINTER,,,,,,,,,,,,,,,,,,,,,,,,,0D0C0D,,N,20,ISO-8859-34,,,No,No,No,No,No,No,0,,0,,,0D0A,20,,,,N,Yes,Yes,Yes,No,No,No,No,No,No,No,No,No,,No,No,No,No,No,No,No,No,No,No,No,No,No,N,72,,,72,20,N,default,N,Y,public,No,N,,20,0,0,No,No,No,No,No,No,No,No,,No,No,No,No,No,No,No,No,,,,19,N,No,,,Yes,No,No,,,29
GWCVPS02,P2709,HPLaserJet600M602,Canada,"HP Universal Printing PCL 6 <+> Version (08/23/2017,61.210.01.22695)",,<ip addr>,9100,,,,,,Branch #,Y,,Y,,Y,HP,PS,,,N,,N,LRSQUEUE,dynamic,N,HOLD,PDF,/opt/lrs/convert1/lrscvdr,PDF2PS &KEYPDF2PS -i &infile -type PDF -o &outfile -type PS -logdir &TMPDIR -logfile &PRINTER,,,,,,,,,,,,,,,,,,,,,,,,,0D0C0D,,N,21,ISO-8859-35,,,No,No,No,No,No,No,0,,0,,,0D0A,21,,,,N,Yes,Yes,Yes,No,No,No,No,No,No,No,No,No,,No,No,No,No,No,No,No,No,No,No,No,No,No,N,72,,,72,20,N,default,N,Y,public,No,N,,20,0,0,No,No,No,No,No,No,No,No,,No,No,No,No,No,No,No,No,,,,20,N,No,,,Yes,No,No,,,30
GWCVPS02,P2710,HPLaserJet400M401n,Canada,"HP Universal Printing PCL 6 <+> Version (08/23/2017,61.210.01.22695)",,<ip addr>,9100,,,,,,Branch #,Y,,Y,,Y,HP,PS,,,N,,N,LRSQUEUE,dynamic,N,HOLD,PDF,/opt/lrs/convert1/lrscvdr,PDF2PS &KEYPDF2PS -i &infile -type PDF -o &outfile -type PS -logdir &TMPDIR -logfile &PRINTER,,,,,,,,,,,,,,,,,,,,,,,,,0D0C0D,,N,22,ISO-8859-36,,,No,No,No,No,No,No,0,,0,,,0D0A,22,,,,N,Yes,Yes,Yes,No,No,No,No,No,No,No,No,No,,No,No,No,No,No,No,No,No,No,No,No,No,No,N,72,,,72,20,N,default,N,Y,public,No,N,,20,0,0,No,No,No,No,No,No,No,No,,No,No,No,No,No,No,No,No,,,,21,N,No,,,Yes,No,No,,,31
GWCVPS02,P2711,HPPageWideColorMFP586,Canada,"HP Universal Printing PCL 6 <+> Version (08/23/2017,61.210.01.22695)",,<ip addr>,9100,,,,,,Branch #,Y,,Y,,Y,HP,PS,,,N,,N,LRSQUEUE,dynamic,N,HOLD,PDF,/opt/lrs/convert1/lrscvdr,PDF2PS &KEYPDF2PS -i &infile -type PDF -o &outfile -type PS -logdir &TMPDIR -logfile &PRINTER,,,,,,,,,,,,,,,,,,,,,,,,,0D0C0D,,N,23,ISO-8859-37,,,No,No,No,No,No,No,0,,0,,,0D0A,23,,,,N,Yes,Yes,Yes,No,No,No,No,No,No,No,No,No,,No,No,No,No,No,No,No,No,No,No,No,No,No,N,72,,,72,20,N,default,N,Y,public,No,N,,20,0,0,No,No,No,No,No,No,No,No,,No,No,No,No,No,No,No,No,,,,22,N,No,,,Yes,No,No,,,32
GWCVPS02,P2712,HPLaserJet600M602,Canada,"HP Universal Printing PCL 6 <+> Version (08/23/2017,61.210.01.22695)",,<ip addr>,9100,,,,,,Branch #,Y,,Y,,Y,HP,PS,,,N,,N,LRSQUEUE,dynamic,N,HOLD,PDF,/opt/lrs/convert1/lrscvdr,PDF2PS &KEYPDF2PS -i &infile -type PDF -o &outfile -type PS -logdir &TMPDIR -logfile &PRINTER,,,,,,,,,,,,,,,,,,,,,,,,,0D0C0D,,N,24,ISO-8859-38,,,No,No,No,No,No,No,0,,0,,,0D0A,24,,,,N,Yes,Yes,Yes,No,No,No,No,No,No,No,No,No,,No,No,No,No,No,No,No,No,No,No,No,No,No,N,72,,,72,20,N,default,N,Y,public,No,N,,20,0,0,No,No,No,No,No,No,No,No,,No,No,No,No,No,No,No,No,,,,23,N,No,,,Yes,No,No,,,33
GWCVPS02,P2713,HPLaserJetM3035MFP,Canada,"HP Universal Printing PCL 6 <+> Version (08/23/2017,61.210.01.22695)",,<ip addr>,9100,,,,,,Branch #,Y,,Y,,Y,HP,PS,,,N,,N,LRSQUEUE,dynamic,N,HOLD,PDF,/opt/lrs/convert1/lrscvdr,PDF2PS &KEYPDF2PS -i &infile -type PDF -o &outfile -type PS -logdir &TMPDIR -logfile &PRINTER,,,,,,,,,,,,,,,,,,,,,,,,,0D0C0D,,N,25,ISO-8859-39,,,No,No,No,No,No,No,0,,0,,,0D0A,25,,,,N,Yes,Yes,Yes,No,No,No,No,No,No,No,No,No,,No,No,No,No,No,No,No,No,No,No,No,No,No,N,72,,,72,20,N,default,N,Y,public,No,N,,20,0,0,No,No,No,No,No,No,No,No,,No,No,No,No,No,No,No,No,,,,24,N,No,,,Yes,No,No,,,34
GWCVPS02,P2714,HPLaserJetMFPM630,Canada,"HP Universal Printing PCL 6 <+> Version (08/23/2017,61.210.01.22695)",,<ip addr>,9100,,,,,,Branch #,Y,,Y,,Y,HP,PS,,,N,,N,LRSQUEUE,dynamic,N,HOLD,PDF,/opt/lrs/convert1/lrscvdr,PDF2PS &KEYPDF2PS -i &infile -type PDF -o &outfile -type PS -logdir &TMPDIR -logfile &PRINTER,,,,,,,,,,,,,,,,,,,,,,,,,0D0C0D,,N,26,ISO-8859-40,,,No,No,No,No,No,No,0,,0,,,0D0A,26,,,,N,Yes,Yes,Yes,No,No,No,No,No,No,No,No,No,,No,No,No,No,No,No,No,No,No,No,No,No,No,N,72,,,72,20,N,default,N,Y,public,No,N,,20,0,0,No,No,No,No,No,No,No,No,,No,No,No,No,No,No,No,No,,,,25,N,No,,,Yes,No,No,,,35
GWCVPS02,P2715,HPLaserJet500MFPM525,Canada,"HP Universal Printing PCL 6 <+> Version (08/23/2017,61.210.01.22695)",,<ip addr>,9100,,,,,,Branch #,Y,,Y,,Y,HP,PS,,,N,,N,LRSQUEUE,dynamic,N,HOLD,PDF,/opt/lrs/convert1/lrscvdr,PDF2PS &KEYPDF2PS -i &infile -type PDF -o &outfile -type PS -logdir &TMPDIR -logfile &PRINTER,,,,,,,,,,,,,,,,,,,,,,,,,0D0C0D,,N,27,ISO-8859-41,,,No,No,No,No,No,No,0,,0,,,0D0A,27,,,,N,Yes,Yes,Yes,No,No,No,No,No,No,No,No,No,,No,No,No,No,No,No,No,No,No,No,No,No,No,N,72,,,72,20,N,default,N,Y,public,No,N,,20,0,0,No,No,No,No,No,No,No,No,,No,No,No,No,No,No,No,No,,,,26,N,No,,,Yes,No,No,,,36
GWCVPS02,P2716,HPLaserJet,Canada,"HP Universal Printing PCL 6 <+> Version (08/23/2017,61.210.01.22695)",,<ip addr>,9100,,,,,,Branch #,Y,,Y,,Y,HP,PS,,,N,,N,LRSQUEUE,dynamic,N,HOLD,PDF,/opt/lrs/convert1/lrscvdr,PDF2PS &KEYPDF2PS -i &infile -type PDF -o &outfile -type PS -logdir &TMPDIR -logfile &PRINTER,,,,,,,,,,,,,,,,,,,,,,,,,0D0C0D,,N,28,ISO-8859-42,,,No,No,No,No,No,No,0,,0,,,0D0A,28,,,,N,Yes,Yes,Yes,No,No,No,No,No,No,No,No,No,,No,No,No,No,No,No,No,No,No,No,No,No,No,N,72,,,72,20,N,default,N,Y,public,No,N,,20,0,0,No,No,No,No,No,No,No,No,,No,No,No,No,No,No,No,No,,,,27,N,No,,,Yes,No,No,,,37
GWCVPS02,P2717,HPPageWideColorFlowMFP586,Canada,"HP Universal Printing PCL 6 <+> Version (08/23/2017,61.210.01.22695)",,<ip addr>,9100,,,,,,Branch #,Y,,Y,,Y,HP,PS,,,N,,N,LRSQUEUE,dynamic,N,HOLD,PDF,/opt/lrs/convert1/lrscvdr,PDF2PS &KEYPDF2PS -i &infile -type PDF -o &outfile -type PS -logdir &TMPDIR -logfile &PRINTER,,,,,,,,,,,,,,,,,,,,,,,,,0D0C0D,,N,29,ISO-8859-43,,,No,No,No,No,No,No,0,,0,,,0D0A,29,,,,N,Yes,Yes,Yes,No,No,No,No,No,No,No,No,No,,No,No,No,No,No,No,No,No,No,No,No,No,No,N,72,,,72,20,N,default,N,Y,public,No,N,,20,0,0,No,No,No,No,No,No,No,No,,No,No,No,No,No,No,No,No,,,,28,N,No,,,Yes,No,No,,,38
GWCVPS02,P2718,HPLaserJet600M602,Canada,"HP Universal Printing PCL 6 <+> Version (08/23/2017,61.210.01.22695)",,<ip addr>,9100,,,,,,Branch #,Y,,Y,,Y,HP,PS,,,N,,N,LRSQUEUE,dynamic,N,HOLD,PDF,/opt/lrs/convert1/lrscvdr,PDF2PS &KEYPDF2PS -i &infile -type PDF -o &outfile -type PS -logdir &TMPDIR -logfile &PRINTER,,,,,,,,,,,,,,,,,,,,,,,,,0D0C0D,,N,30,ISO-8859-44,,,No,No,No,No,No,No,0,,0,,,0D0A,30,,,,N,Yes,Yes,Yes,No,No,No,No,No,No,No,No,No,,No,No,No,No,No,No,No,No,No,No,No,No,No,N,72,,,72,20,N,default,N,Y,public,No,N,,20,0,0,No,No,No,No,No,No,No,No,,No,No,No,No,No,No,No,No,,,,29,N,No,,,Yes,No,No,,,39
GWCVPS02,P2719,HPLaserJetM506,Canada,"HP Universal Printing PCL 6 <+> Version (08/23/2017,61.210.01.22695)",,<ip addr>,9100,,,,,,Branch #,Y,,Y,,Y,HP,PS,,,N,,N,LRSQUEUE,dynamic,N,HOLD,PDF,/opt/lrs/convert1/lrscvdr,PDF2PS &KEYPDF2PS -i &infile -type PDF -o &outfile -type PS -logdir &TMPDIR -logfile &PRINTER,,,,,,,,,,,,,,,,,,,,,,,,,0D0C0D,,N,31,ISO-8859-45,,,No,No,No,No,No,No,0,,0,,,0D0A,31,,,,N,Yes,Yes,Yes,No,No,No,No,No,No,No,No,No,,No,No,No,No,No,No,No,No,No,No,No,No,No,N,72,,,72,20,N,default,N,Y,public,No,N,,20,0,0,No,No,No,No,No,No,No,No,,No,No,No,No,No,No,No,No,,,,30,N,No,,,Yes,No,No,,,40
GWCVPS02,P2720,HPLaserJet,Canada,"HP Universal Printing PCL 6 <+> Version (08/23/2017,61.210.01.22695)",,<ip addr>,9100,,,,,,Branch #,Y,,Y,,Y,HP,PS,,,N,,N,LRSQUEUE,dynamic,N,HOLD,PDF,/opt/lrs/convert1/lrscvdr,PDF2PS &KEYPDF2PS -i &infile -type PDF -o &outfile -type PS -logdir &TMPDIR -logfile &PRINTER,,,,,,,,,,,,,,,,,,,,,,,,,0D0C0D,,N,32,ISO-8859-46,,,No,No,No,No,No,No,0,,0,,,0D0A,32,,,,N,Yes,Yes,Yes,No,No,No,No,No,No,No,No,No,,No,No,No,No,No,No,No,No,No,No,No,No,No,N,72,,,72,20,N,default,N,Y,public,No,N,,20,0,0,No,No,No,No,No,No,No,No,,No,No,No,No,No,No,No,No,,,,31,N,No,,,Yes,No,No,,,41
GWCVPS02,P2721,HPLaserJetProMFPM521,Canada,"HP Universal Printing PCL 6 <+> Version (08/23/2017,61.210.01.22695)",,<ip addr>,9100,,,,,,Branch #,Y,,Y,,Y,HP,PS,,,N,,N,LRSQUEUE,dynamic,N,HOLD,PDF,/opt/lrs/convert1/lrscvdr,PDF2PS &KEYPDF2PS -i &infile -type PDF -o &outfile -type PS -logdir &TMPDIR -logfile &PRINTER,,,,,,,,,,,,,,,,,,,,,,,,,0D0C0D,,N,33,ISO-8859-47,,,No,No,No,No,No,No,0,,0,,,0D0A,33,,,,N,Yes,Yes,Yes,No,No,No,No,No,No,No,No,No,,No,No,No,No,No,No,No,No,No,No,No,No,No,N,72,,,72,20,N,default,N,Y,public,No,N,,20,0,0,No,No,No,No,No,No,No,No,,No,No,No,No,No,No,No,No,,,,32,N,No,,,Yes,No,No,,,42
GWCVPS02,P2722,HPLaserJetM3035MFP,Canada,"HP Universal Printing PCL 6 <+> Version (08/23/2017,61.210.01.22695)",,<ip addr>,9100,,,,,,Branch #,Y,,Y,,Y,HP,PS,,,N,,N,LRSQUEUE,dynamic,N,HOLD,PDF,/opt/lrs/convert1/lrscvdr,PDF2PS &KEYPDF2PS -i &infile -type PDF -o &outfile -type PS -logdir &TMPDIR -logfile &PRINTER,,,,,,,,,,,,,,,,,,,,,,,,,0D0C0D,,N,34,ISO-8859-48,,,No,No,No,No,No,No,0,,0,,,0D0A,34,,,,N,Yes,Yes,Yes,No,No,No,No,No,No,No,No,No,,No,No,No,No,No,No,No,No,No,No,No,No,No,N,72,,,72,20,N,default,N,Y,public,No,N,,20,0,0,No,No,No,No,No,No,No,No,,No,No,No,No,No,No,No,No,,,,33,N,No,,,Yes,No,No,,,43
GWCVPS02,P2723,HPLaserJet,Canada,"HP Universal Printing PCL 6 <+> Version (08/23/2017,61.210.01.22695)",,<ip addr>,9100,,,,,,Branch #,Y,,Y,,Y,HP,PS,,,N,,N,LRSQUEUE,dynamic,N,HOLD,PDF,/opt/lrs/convert1/lrscvdr,PDF2PS &KEYPDF2PS -i &infile -type PDF -o &outfile -type PS -logdir &TMPDIR -logfile &PRINTER,,,,,,,,,,,,,,,,,,,,,,,,,0D0C0D,,N,35,ISO-8859-49,,,No,No,No,No,No,No,0,,0,,,0D0A,35,,,,N,Yes,Yes,Yes,No,No,No,No,No,No,No,No,No,,No,No,No,No,No,No,No,No,No,No,No,No,No,N,72,,,72,20,N,default,N,Y,public,No,N,,20,0,0,No,No,No,No,No,No,No,No,,No,No,No,No,No,No,No,No,,,,34,N,No,,,Yes,No,No,,,44
GWCVPS02,P2724,HPLaserJetM3035MFP,Canada,"HP Universal Printing PCL 6 <+> Version (08/23/2017,61.210.01.22695)",,<ip addr>,9100,,,,,,Branch #,Y,,Y,,Y,HP,PS,,,N,,N,LRSQUEUE,dynamic,N,HOLD,PDF,/opt/lrs/convert1/lrscvdr,PDF2PS &KEYPDF2PS -i &infile -type PDF -o &outfile -type PS -logdir &TMPDIR -logfile &PRINTER,,,,,,,,,,,,,,,,,,,,,,,,,0D0C0D,,N,36,ISO-8859-50,,,No,No,No,No,No,No,0,,0,,,0D0A,36,,,,N,Yes,Yes,Yes,No,No,No,No,No,No,No,No,No,,No,No,No,No,No,No,No,No,No,No,No,No,No,N,72,,,72,20,N,default,N,Y,public,No,N,,20,0,0,No,No,No,No,No,No,No,No,,No,No,No,No,No,No,No,No,,,,35,N,No,,,Yes,No,No,,,45
GWCVPS02,P2725,HPLaserJetM3035MFP,Canada,"HP Universal Printing PCL 6 <+> Version (08/23/2017,61.210.01.22695)",,<ip addr>,9100,,,,,,Branch #,Y,,Y,,Y,HP,PS,,,N,,N,LRSQUEUE,dynamic,N,HOLD,PDF,/opt/lrs/convert1/lrscvdr,PDF2PS &KEYPDF2PS -i &infile -type PDF -o &outfile -type PS -logdir &TMPDIR -logfile &PRINTER,,,,,,,,,,,,,,,,,,,,,,,,,0D0C0D,,N,37,ISO-8859-51,,,No,No,No,No,No,No,0,,0,,,0D0A,37,,,,N,Yes,Yes,Yes,No,No,No,No,No,No,No,No,No,,No,No,No,No,No,No,No,No,No,No,No,No,No,N,72,,,72,20,N,default,N,Y,public,No,N,,20,0,0,No,No,No,No,No,No,No,No,,No,No,No,No,No,No,No,No,,,,36,N,No,,,Yes,No,No,,,46
GWCVPS02,P2726,HPLaserJetP3010Series,Canada,"HP Universal Printing PCL 6 <+> Version (08/23/2017,61.210.01.22695)",,<ip addr>,9100,,,,,,Branch #,Y,,Y,,Y,HP,PS,,,N,,N,LRSQUEUE,dynamic,N,HOLD,PDF,/opt/lrs/convert1/lrscvdr,PDF2PS &KEYPDF2PS -i &infile -type PDF -o &outfile -type PS -logdir &TMPDIR -logfile &PRINTER,,,,,,,,,,,,,,,,,,,,,,,,,0D0C0D,,N,38,ISO-8859-52,,,No,No,No,No,No,No,0,,0,,,0D0A,38,,,,N,Yes,Yes,Yes,No,No,No,No,No,No,No,No,No,,No,No,No,No,No,No,No,No,No,No,No,No,No,N,72,,,72,20,N,default,N,Y,public,No,N,,20,0,0,No,No,No,No,No,No,No,No,,No,No,No,No,No,No,No,No,,,,37,N,No,,,Yes,No,No,,,47
GWCVPS02,P2727,HPLaserJetM506,Canada,"HP Universal Printing PCL 6 <+> Version (08/23/2017,61.210.01.22695)",,<ip addr>,9100,,,,,,Branch #,Y,,Y,,Y,HP,PS,,,N,,N,LRSQUEUE,dynamic,N,HOLD,PDF,/opt/lrs/convert1/lrscvdr,PDF2PS &KEYPDF2PS -i &infile -type PDF -o &outfile -type PS -logdir &TMPDIR -logfile &PRINTER,,,,,,,,,,,,,,,,,,,,,,,,,0D0C0D,,N,39,ISO-8859-53,,,No,No,No,No,No,No,0,,0,,,0D0A,39,,,,N,Yes,Yes,Yes,No,No,No,No,No,No,No,No,No,,No,No,No,No,No,No,No,No,No,No,No,No,No,N,72,,,72,20,N,default,N,Y,public,No,N,,20,0,0,No,No,No,No,No,No,No,No,,No,No,No,No,No,No,No,No,,,,38,N,No,,,Yes,No,No,,,48
GWCVPS02,P2728,HPLaserJetM506,Canada,"HP Universal Printing PCL 6 <+> Version (08/23/2017,61.210.01.22695)",,<ip addr>,9100,,,,,,Branch #,Y,,Y,,Y,HP,PS,,,N,,N,LRSQUEUE,dynamic,N,HOLD,PDF,/opt/lrs/convert1/lrscvdr,PDF2PS &KEYPDF2PS -i &infile -type PDF -o &outfile -type PS -logdir &TMPDIR -logfile &PRINTER,,,,,,,,,,,,,,,,,,,,,,,,,0D0C0D,,N,40,ISO-8859-54,,,No,No,No,No,No,No,0,,0,,,0D0A,40,,,,N,Yes,Yes,Yes,No,No,No,No,No,No,No,No,No,,No,No,No,No,No,No,No,No,No,No,No,No,No,N,72,,,72,20,N,default,N,Y,public,No,N,,20,0,0,No,No,No,No,No,No,No,No,,No,No,No,No,No,No,No,No,,,,39,N,No,,,Yes,No,No,,,49
GWCVPS02,P2729,HPLaserJetMFPM426f,Canada,"HP Universal Printing PCL 6 <+> Version (08/23/2017,61.210.01.22695)",,<ip addr>,9100,,,,,,Branch #,Y,,Y,,Y,HP,PS,,,N,,N,LRSQUEUE,dynamic,N,HOLD,PDF,/opt/lrs/convert1/lrscvdr,PDF2PS &KEYPDF2PS -i &infile -type PDF -o &outfile -type PS -logdir &TMPDIR -logfile &PRINTER,,,,,,,,,,,,,,,,,,,,,,,,,0D0C0D,,N,41,ISO-8859-55,,,No,No,No,No,No,No,0,,0,,,0D0A,41,,,,N,Yes,Yes,Yes,No,No,No,No,No,No,No,No,No,,No,No,No,No,No,No,No,No,No,No,No,No,No,N,72,,,72,20,N,default,N,Y,public,No,N,,20,0,0,No,No,No,No,No,No,No,No,,No,No,No,No,No,No,No,No,,,,40,N,No,,,Yes,No,No,,,50
GWCVPS02,P2730,HPLaserJetM3035MFP,Canada,"HP Universal Printing PCL 6 <+> Version (08/23/2017,61.210.01.22695)",,<ip addr>,9100,,,,,,Branch #,Y,,Y,,Y,HP,PS,,,N,,N,LRSQUEUE,dynamic,N,HOLD,PDF,/opt/lrs/convert1/lrscvdr,PDF2PS &KEYPDF2PS -i &infile -type PDF -o &outfile -type PS -logdir &TMPDIR -logfile &PRINTER,,,,,,,,,,,,,,,,,,,,,,,,,0D0C0D,,N,42,ISO-8859-56,,,No,No,No,No,No,No,0,,0,,,0D0A,42,,,,N,Yes,Yes,Yes,No,No,No,No,No,No,No,No,No,,No,No,No,No,No,No,No,No,No,No,No,No,No,N,72,,,72,20,N,default,N,Y,public,No,N,,20,0,0,No,No,No,No,No,No,No,No,,No,No,No,No,No,No,No,No,,,,41,N,No,,,Yes,No,No,,,51
GWCVPS02,P2731,HPLaserJetP3010Series,Canada,"HP Universal Printing PCL 6 <+> Version (08/23/2017,61.210.01.22695)",,<ip addr>,9100,,,,,,Branch #,Y,,Y,,Y,HP,PS,,,N,,N,LRSQUEUE,dynamic,N,HOLD,PDF,/opt/lrs/convert1/lrscvdr,PDF2PS &KEYPDF2PS -i &infile -type PDF -o &outfile -type PS -logdir &TMPDIR -logfile &PRINTER,,,,,,,,,,,,,,,,,,,,,,,,,0D0C0D,,N,43,ISO-8859-57,,,No,No,No,No,No,No,0,,0,,,0D0A,43,,,,N,Yes,Yes,Yes,No,No,No,No,No,No,No,No,No,,No,No,No,No,No,No,No,No,No,No,No,No,No,N,72,,,72,20,N,default,N,Y,public,No,N,,20,0,0,No,No,No,No,No,No,No,No,,No,No,No,No,No,No,No,No,,,,42,N,No,,,Yes,No,No,,,52
GWCVPS02,P2732,HPPageWideColorMFP586,Canada,"HP Universal Printing PCL 6 <+> Version (08/23/2017,61.210.01.22695)",,<ip addr>,9100,,,,,,Branch #,Y,,Y,,Y,HP,PS,,,N,,N,LRSQUEUE,dynamic,N,HOLD,PDF,/opt/lrs/convert1/lrscvdr,PDF2PS &KEYPDF2PS -i &infile -type PDF -o &outfile -type PS -logdir &TMPDIR -logfile &PRINTER,,,,,,,,,,,,,,,,,,,,,,,,,0D0C0D,,N,44,ISO-8859-58,,,No,No,No,No,No,No,0,,0,,,0D0A,44,,,,N,Yes,Yes,Yes,No,No,No,No,No,No,No,No,No,,No,No,No,No,No,No,No,No,No,No,No,No,No,N,72,,,72,20,N,default,N,Y,public,No,N,,20,0,0,No,No,No,No,No,No,No,No,,No,No,No,No,No,No,No,No,,,,43,N,No,,,Yes,No,No,,,53
GWCVPS02,P2733,HPLaserJetM506,Canada,"HP Universal Printing PCL 6 <+> Version (08/23/2017,61.210.01.22695)",,<ip addr>,9100,,,,,,Branch #,Y,,Y,,Y,HP,PS,,,N,,N,LRSQUEUE,dynamic,N,HOLD,PDF,/opt/lrs/convert1/lrscvdr,PDF2PS &KEYPDF2PS -i &infile -type PDF -o &outfile -type PS -logdir &TMPDIR -logfile &PRINTER,,,,,,,,,,,,,,,,,,,,,,,,,0D0C0D,,N,45,ISO-8859-59,,,No,No,No,No,No,No,0,,0,,,0D0A,45,,,,N,Yes,Yes,Yes,No,No,No,No,No,No,No,No,No,,No,No,No,No,No,No,No,No,No,No,No,No,No,N,72,,,72,20,N,default,N,Y,public,No,N,,20,0,0,No,No,No,No,No,No,No,No,,No,No,No,No,No,No,No,No,,,,44,N,No,,,Yes,No,No,,,54
GWCVPS02,P2734,HPLaserJet600M602,Canada,"HP Universal Printing PCL 6 <+> Version (08/23/2017,61.210.01.22695)",,<ip addr>,9100,,,,,,Branch #,Y,,Y,,Y,HP,PS,,,N,,N,LRSQUEUE,dynamic,N,HOLD,PDF,/opt/lrs/convert1/lrscvdr,PDF2PS &KEYPDF2PS -i &infile -type PDF -o &outfile -type PS -logdir &TMPDIR -logfile &PRINTER,,,,,,,,,,,,,,,,,,,,,,,,,0D0C0D,,N,46,ISO-8859-60,,,No,No,No,No,No,No,0,,0,,,0D0A,46,,,,N,Yes,Yes,Yes,No,No,No,No,No,No,No,No,No,,No,No,No,No,No,No,No,No,No,No,No,No,No,N,72,,,72,20,N,default,N,Y,public,No,N,,20,0,0,No,No,No,No,No,No,No,No,,No,No,No,No,No,No,No,No,,,,45,N,No,,,Yes,No,No,,,55
GWCVPS02,P2735,HPLaserJetMFPM630,Canada,"HP Universal Printing PCL 6 <+> Version (08/23/2017,61.210.01.22695)",,<ip addr>,9100,,,,,,Branch #,Y,,Y,,Y,HP,PS,,,N,,N,LRSQUEUE,dynamic,N,HOLD,PDF,/opt/lrs/convert1/lrscvdr,PDF2PS &KEYPDF2PS -i &infile -type PDF -o &outfile -type PS -logdir &TMPDIR -logfile &PRINTER,,,,,,,,,,,,,,,,,,,,,,,,,0D0C0D,,N,47,ISO-8859-61,,,No,No,No,No,No,No,0,,0,,,0D0A,47,,,,N,Yes,Yes,Yes,No,No,No,No,No,No,No,No,No,,No,No,No,No,No,No,No,No,No,No,No,No,No,N,72,,,72,20,N,default,N,Y,public,No,N,,20,0,0,No,No,No,No,No,No,No,No,,No,No,No,No,No,No,No,No,,,,46,N,No,,,Yes,No,No,,,56
GWCVPS02,P2736,HPLaserJet600M602,Canada,"HP Universal Printing PCL 6 <+> Version (08/23/2017,61.210.01.22695)",,<ip addr>,9100,,,,,,Branch #,Y,,Y,,Y,HP,PS,,,N,,N,LRSQUEUE,dynamic,N,HOLD,PDF,/opt/lrs/convert1/lrscvdr,PDF2PS &KEYPDF2PS -i &infile -type PDF -o &outfile -type PS -logdir &TMPDIR -logfile &PRINTER,,,,,,,,,,,,,,,,,,,,,,,,,0D0C0D,,N,48,ISO-8859-62,,,No,No,No,No,No,No,0,,0,,,0D0A,48,,,,N,Yes,Yes,Yes,No,No,No,No,No,No,No,No,No,,No,No,No,No,No,No,No,No,No,No,No,No,No,N,72,,,72,20,N,default,N,Y,public,No,N,,20,0,0,No,No,No,No,No,No,No,No,,No,No,No,No,No,No,No,No,,,,47,N,No,,,Yes,No,No,,,57
GWCVPS02,P2737,HPPageWideColorMFP586,Canada,"HP Universal Printing PCL 6 <+> Version (08/23/2017,61.210.01.22695)",,<ip addr>,9100,,,,,,Branch #,Y,,Y,,Y,HP,PS,,,N,,N,LRSQUEUE,dynamic,N,HOLD,PDF,/opt/lrs/convert1/lrscvdr,PDF2PS &KEYPDF2PS -i &infile -type PDF -o &outfile -type PS -logdir &TMPDIR -logfile &PRINTER,,,,,,,,,,,,,,,,,,,,,,,,,0D0C0D,,N,49,ISO-8859-63,,,No,No,No,No,No,No,0,,0,,,0D0A,49,,,,N,Yes,Yes,Yes,No,No,No,No,No,No,No,No,No,,No,No,No,No,No,No,No,No,No,No,No,No,No,N,72,,,72,20,N,default,N,Y,public,No,N,,20,0,0,No,No,No,No,No,No,No,No,,No,No,No,No,No,No,No,No,,,,48,N,No,,,Yes,No,No,,,58
GWCVPS02,P2738,HPLaserJetMFPM630,Canada,"HP Universal Printing PCL 6 <+> Version (08/23/2017,61.210.01.22695)",,<ip addr>,9100,,,,,,Branch #,Y,,Y,,Y,HP,PS,,,N,,N,LRSQUEUE,dynamic,N,HOLD,PDF,/opt/lrs/convert1/lrscvdr,PDF2PS &KEYPDF2PS -i &infile -type PDF -o &outfile -type PS -logdir &TMPDIR -logfile &PRINTER,,,,,,,,,,,,,,,,,,,,,,,,,0D0C0D,,N,50,ISO-8859-64,,,No,No,No,No,No,No,0,,0,,,0D0A,50,,,,N,Yes,Yes,Yes,No,No,No,No,No,No,No,No,No,,No,No,No,No,No,No,No,No,No,No,No,No,No,N,72,,,72,20,N,default,N,Y,public,No,N,,20,0,0,No,No,No,No,No,No,No,No,,No,No,No,No,No,No,No,No,,,,49,N,No,,,Yes,No,No,,,59
GWCVPS02,P2739,HPLaserJetP3010Series,Canada,"HP Universal Printing PCL 6 <+> Version (08/23/2017,61.210.01.22695)",,<ip addr>,9100,,,,,,Branch #,Y,,Y,,Y,HP,PS,,,N,,N,LRSQUEUE,dynamic,N,HOLD,PDF,/opt/lrs/convert1/lrscvdr,PDF2PS &KEYPDF2PS -i &infile -type PDF -o &outfile -type PS -logdir &TMPDIR -logfile &PRINTER,,,,,,,,,,,,,,,,,,,,,,,,,0D0C0D,,N,51,ISO-8859-65,,,No,No,No,No,No,No,0,,0,,,0D0A,51,,,,N,Yes,Yes,Yes,No,No,No,No,No,No,No,No,No,,No,No,No,No,No,No,No,No,No,No,No,No,No,N,72,,,72,20,N,default,N,Y,public,No,N,,20,0,0,No,No,No,No,No,No,No,No,,No,No,No,No,No,No,No,No,,,,50,N,No,,,Yes,No,No,,,60
GWCVPS02,P2740,HPLaserJetM3035MFP,Canada,"HP Universal Printing PCL 6 <+> Version (08/23/2017,61.210.01.22695)",,<ip addr>,9100,,,,,,Branch #,Y,,Y,,Y,HP,PS,,,N,,N,LRSQUEUE,dynamic,N,HOLD,PDF,/opt/lrs/convert1/lrscvdr,PDF2PS &KEYPDF2PS -i &infile -type PDF -o &outfile -type PS -logdir &TMPDIR -logfile &PRINTER,,,,,,,,,,,,,,,,,,,,,,,,,0D0C0D,,N,52,ISO-8859-66,,,No,No,No,No,No,No,0,,0,,,0D0A,52,,,,N,Yes,Yes,Yes,No,No,No,No,No,No,No,No,No,,No,No,No,No,No,No,No,No,No,No,No,No,No,N,72,,,72,20,N,default,N,Y,public,No,N,,20,0,0,No,No,No,No,No,No,No,No,,No,No,No,No,No,No,No,No,,,,51,N,No,,,Yes,No,No,,,61
GWCVPS02,P2741,HPPageWideColorFlowMFP586,Canada,"HP Universal Printing PCL 6 <+> Version (08/23/2017,61.210.01.22695)",,<ip addr>,9100,,,,,,Branch #,Y,,Y,,Y,HP,PS,,,N,,N,LRSQUEUE,dynamic,N,HOLD,PDF,/opt/lrs/convert1/lrscvdr,PDF2PS &KEYPDF2PS -i &infile -type PDF -o &outfile -type PS -logdir &TMPDIR -logfile &PRINTER,,,,,,,,,,,,,,,,,,,,,,,,,0D0C0D,,N,53,ISO-8859-67,,,No,No,No,No,No,No,0,,0,,,0D0A,53,,,,N,Yes,Yes,Yes,No,No,No,No,No,No,No,No,No,,No,No,No,No,No,No,No,No,No,No,No,No,No,N,72,,,72,20,N,default,N,Y,public,No,N,,20,0,0,No,No,No,No,No,No,No,No,,No,No,No,No,No,No,No,No,,,,52,N,No,,,Yes,No,No,,,62
GWCVPS02,P2742,HPPageWideColorFlowMFP586,Canada,"HP Universal Printing PCL 6 <+> Version (08/23/2017,61.210.01.22695)",,<ip addr>,9100,,,,,,Branch #,Y,,Y,,Y,HP,PS,,,N,,N,LRSQUEUE,dynamic,N,HOLD,PDF,/opt/lrs/convert1/lrscvdr,PDF2PS &KEYPDF2PS -i &infile -type PDF -o &outfile -type PS -logdir &TMPDIR -logfile &PRINTER,,,,,,,,,,,,,,,,,,,,,,,,,0D0C0D,,N,54,ISO-8859-68,,,No,No,No,No,No,No,0,,0,,,0D0A,54,,,,N,Yes,Yes,Yes,No,No,No,No,No,No,No,No,No,,No,No,No,No,No,No,No,No,No,No,No,No,No,N,72,,,72,20,N,default,N,Y,public,No,N,,20,0,0,No,No,No,No,No,No,No,No,,No,No,No,No,No,No,No,No,,,,53,N,No,,,Yes,No,No,,,63
GWCVPS02,ZBCON055-01,ZTCZM400-200dpiZPL,Canada,,,<ip addr>,,,,,,,Branch #,Y,,Y,,Y,HP,PS,,,N,,N,LRSQUEUE,dynamic,N,HOLD,PDF,/opt/lrs/convert1/lrscvdr,PDF2PS &KEYPDF2PS -i &infile -type PDF -o &outfile -type PS -logdir &TMPDIR -logfile &PRINTER,,,,,,,,,,,,,,,,,,,,,,,,,0D0C0D,,N,55,ISO-8859-69,,,No,No,No,No,No,No,0,,0,,,0D0A,55,,,,N,Yes,Yes,Yes,No,No,No,No,No,No,No,No,No,,No,No,No,No,No,No,No,No,No,No,No,No,No,N,72,,,72,20,N,default,N,Y,public,No,N,,20,0,0,No,No,No,No,No,No,No,No,,No,No,No,No,No,No,No,No,,,,54,N,No,,,Yes,No,No,,,64
GWCVPS02,ZBCON010,ZTCZT410-203dpiZPL,Canada,,,<ip addr>,,,,,,,Branch #,Y,,Y,,Y,HP,PS,,,N,,N,LRSQUEUE,dynamic,N,HOLD,PDF,/opt/lrs/convert1/lrscvdr,PDF2PS &KEYPDF2PS -i &infile -type PDF -o &outfile -type PS -logdir &TMPDIR -logfile &PRINTER,,,,,,,,,,,,,,,,,,,,,,,,,0D0C0D,,N,56,ISO-8859-70,,,No,No,No,No,No,No,0,,0,,,0D0A,56,,,,N,Yes,Yes,Yes,No,No,No,No,No,No,No,No,No,,No,No,No,No,No,No,No,No,No,No,No,No,No,N,72,,,72,20,N,default,N,Y,public,No,N,,20,0,0,No,No,No,No,No,No,No,No,,No,No,No,No,No,No,No,No,,,,55,N,No,,,Yes,No,No,,,65
GWCVPS02,P2743,HPLaserJet400colorM451nw,Canada,"HP Universal Printing PCL 6 <+> Version (08/23/2017,61.210.01.22695)",,<ip addr>,9100,,,,,,Branch #,Y,,Y,,Y,HP,PS,,,N,,N,LRSQUEUE,dynamic,N,HOLD,PDF,/opt/lrs/convert1/lrscvdr,PDF2PS &KEYPDF2PS -i &infile -type PDF -o &outfile -type PS -logdir &TMPDIR -logfile &PRINTER,,,,,,,,,,,,,,,,,,,,,,,,,0D0C0D,,N,57,ISO-8859-71,,,No,No,No,No,No,No,0,,0,,,0D0A,57,,,,N,Yes,Yes,Yes,No,No,No,No,No,No,No,No,No,,No,No,No,No,No,No,No,No,No,No,No,No,No,N,72,,,72,20,N,default,N,Y,public,No,N,,20,0,0,No,No,No,No,No,No,No,No,,No,No,No,No,No,No,No,No,,,,56,N,No,,,Yes,No,No,,,66
GWCVPS02,P2744,HPLaserJetM3035MFP,Canada,"HP Universal Printing PCL 6 <+> Version (08/23/2017,61.210.01.22695)",,<ip addr>,9100,,,,,,Branch #,Y,,Y,,Y,HP,PS,,,N,,N,LRSQUEUE,dynamic,N,HOLD,PDF,/opt/lrs/convert1/lrscvdr,PDF2PS &KEYPDF2PS -i &infile -type PDF -o &outfile -type PS -logdir &TMPDIR -logfile &PRINTER,,,,,,,,,,,,,,,,,,,,,,,,,0D0C0D,,N,58,ISO-8859-72,,,No,No,No,No,No,No,0,,0,,,0D0A,58,,,,N,Yes,Yes,Yes,No,No,No,No,No,No,No,No,No,,No,No,No,No,No,No,No,No,No,No,No,No,No,N,72,,,72,20,N,default,N,Y,public,No,N,,20,0,0,No,No,No,No,No,No,No,No,,No,No,No,No,No,No,No,No,,,,57,N,No,,,Yes,No,No,,,67
GWCVPS02,P2745,RICOHAficioSPC410,Canada,"HP Universal Printing PCL 6 <+> Version (08/23/2017,61.210.01.22695)",,<ip addr>,9100,,,,,,Branch #,Y,,Y,,Y,HP,PS,,,N,,N,LRSQUEUE,dynamic,N,HOLD,PDF,/opt/lrs/convert1/lrscvdr,PDF2PS &KEYPDF2PS -i &infile -type PDF -o &outfile -type PS -logdir &TMPDIR -logfile &PRINTER,,,,,,,,,,,,,,,,,,,,,,,,,0D0C0D,,N,59,ISO-8859-73,,,No,No,No,No,No,No,0,,0,,,0D0A,59,,,,N,Yes,Yes,Yes,No,No,No,No,No,No,No,No,No,,No,No,No,No,No,No,No,No,No,No,No,No,No,N,72,,,72,20,N,default,N,Y,public,No,N,,20,0,0,No,No,No,No,No,No,No,No,,No,No,No,No,No,No,No,No,,,,58,N,No,,,Yes,No,No,,,68
GWCVPS02,P2746,HPLaserJetM506,Canada,"HP Universal Printing PCL 6 <+> Version (08/23/2017,61.210.01.22695)",,<ip addr>,9100,,,,,,Branch #,Y,,Y,,Y,HP,PS,,,N,,N,LRSQUEUE,dynamic,N,HOLD,PDF,/opt/lrs/convert1/lrscvdr,PDF2PS &KEYPDF2PS -i &infile -type PDF -o &outfile -type PS -logdir &TMPDIR -logfile &PRINTER,,,,,,,,,,,,,,,,,,,,,,,,,0D0C0D,,N,60,ISO-8859-74,,,No,No,No,No,No,No,0,,0,,,0D0A,60,,,,N,Yes,Yes,Yes,No,No,No,No,No,No,No,No,No,,No,No,No,No,No,No,No,No,No,No,No,No,No,N,72,,,72,20,N,default,N,Y,public,No,N,,20,0,0,No,No,No,No,No,No,No,No,,No,No,No,No,No,No,No,No,,,,59,N,No,,,Yes,No,No,,,69
GWCVPS02,P2747,HPLaserJetP4015,Canada,"HP Universal Printing PCL 6 <+> Version (08/23/2017,61.210.01.22695)",,<ip addr>,9100,,,,,,Branch #,Y,,Y,,Y,HP,PS,,,N,,N,LRSQUEUE,dynamic,N,HOLD,PDF,/opt/lrs/convert1/lrscvdr,PDF2PS &KEYPDF2PS -i &infile -type PDF -o &outfile -type PS -logdir &TMPDIR -logfile &PRINTER,,,,,,,,,,,,,,,,,,,,,,,,,0D0C0D,,N,61,ISO-8859-75,,,No,No,No,No,No,No,0,,0,,,0D0A,61,,,,N,Yes,Yes,Yes,No,No,No,No,No,No,No,No,No,,No,No,No,No,No,No,No,No,No,No,No,No,No,N,72,,,72,20,N,default,N,Y,public,No,N,,20,0,0,No,No,No,No,No,No,No,No,,No,No,No,No,No,No,No,No,,,,60,N,No,,,Yes,No,No,,,70
GWCVPS02,P2748,HPLaserJetP3010Series,Canada,"HP Universal Printing PCL 6 <+> Version (08/23/2017,61.210.01.22695)",,<ip addr>,9100,,,,,,Branch #,Y,,Y,,Y,HP,PS,,,N,,N,LRSQUEUE,dynamic,N,HOLD,PDF,/opt/lrs/convert1/lrscvdr,PDF2PS &KEYPDF2PS -i &infile -type PDF -o &outfile -type PS -logdir &TMPDIR -logfile &PRINTER,,,,,,,,,,,,,,,,,,,,,,,,,0D0C0D,,N,62,ISO-8859-76,,,No,No,No,No,No,No,0,,0,,,0D0A,62,,,,N,Yes,Yes,Yes,No,No,No,No,No,No,No,No,No,,No,No,No,No,No,No,No,No,No,No,No,No,No,N,72,,,72,20,N,default,N,Y,public,No,N,,20,0,0,No,No,No,No,No,No,No,No,,No,No,No,No,No,No,No,No,,,,61,N,No,,,Yes,No,No,,,71
GWCVPS02,P2749,HPLaserJetMFPM426f,Canada,"HP Universal Printing PCL 6 <+> Version (08/23/2017,61.210.01.22695)",,<ip addr>,9100,,,,,,Branch #,Y,,Y,,Y,HP,PS,,,N,,N,LRSQUEUE,dynamic,N,HOLD,PDF,/opt/lrs/convert1/lrscvdr,PDF2PS &KEYPDF2PS -i &infile -type PDF -o &outfile -type PS -logdir &TMPDIR -logfile &PRINTER,,,,,,,,,,,,,,,,,,,,,,,,,0D0C0D,,N,63,ISO-8859-77,,,No,No,No,No,No,No,0,,0,,,0D0A,63,,,,N,Yes,Yes,Yes,No,No,No,No,No,No,No,No,No,,No,No,No,No,No,No,No,No,No,No,No,No,No,N,72,,,72,20,N,default,N,Y,public,No,N,,20,0,0,No,No,No,No,No,No,No,No,,No,No,No,No,No,No,No,No,,,,62,N,No,,,Yes,No,No,,,72
GWCVPS02,P2750,HPLaserJetMFPM631,Canada,"HP Universal Printing PCL 6 <+> Version (08/23/2017,61.210.01.22695)",,<ip addr>,9100,,,,,,Branch #,Y,,Y,,Y,HP,PS,,,N,,N,LRSQUEUE,dynamic,N,HOLD,PDF,/opt/lrs/convert1/lrscvdr,PDF2PS &KEYPDF2PS -i &infile -type PDF -o &outfile -type PS -logdir &TMPDIR -logfile &PRINTER,,,,,,,,,,,,,,,,,,,,,,,,,0D0C0D,,N,64,ISO-8859-78,,,No,No,No,No,No,No,0,,0,,,0D0A,64,,,,N,Yes,Yes,Yes,No,No,No,No,No,No,No,No,No,,No,No,No,No,No,No,No,No,No,No,No,No,No,N,72,,,72,20,N,default,N,Y,public,No,N,,20,0,0,No,No,No,No,No,No,No,No,,No,No,No,No,No,No,No,No,,,,63,N,No,,,Yes,No,No,,,73
GWCVPS02,P2751,HPLaserJet600M602,Canada,"HP Universal Printing PCL 6 <+> Version (08/23/2017,61.210.01.22695)",,<ip addr>,9100,,,,,,Branch #,Y,,Y,,Y,HP,PS,,,N,,N,LRSQUEUE,dynamic,N,HOLD,PDF,/opt/lrs/convert1/lrscvdr,PDF2PS &KEYPDF2PS -i &infile -type PDF -o &outfile -type PS -logdir &TMPDIR -logfile &PRINTER,,,,,,,,,,,,,,,,,,,,,,,,,0D0C0D,,N,65,ISO-8859-79,,,No,No,No,No,No,No,0,,0,,,0D0A,65,,,,N,Yes,Yes,Yes,No,No,No,No,No,No,No,No,No,,No,No,No,No,No,No,No,No,No,No,No,No,No,N,72,,,72,20,N,default,N,Y,public,No,N,,20,0,0,No,No,No,No,No,No,No,No,,No,No,No,No,No,No,No,No,,,,64,N,No,,,Yes,No,No,,,74
GWCVPS02,ZBCON051,ZTCZM400-200dpiZPL,Canada,,,<ip addr>,,,,,,,Branch #,Y,,Y,,Y,HP,PS,,,N,,N,LRSQUEUE,dynamic,N,HOLD,PDF,/opt/lrs/convert1/lrscvdr,PDF2PS &KEYPDF2PS -i &infile -type PDF -o &outfile -type PS -logdir &TMPDIR -logfile &PRINTER,,,,,,,,,,,,,,,,,,,,,,,,,0D0C0D,,N,66,ISO-8859-80,,,No,No,No,No,No,No,0,,0,,,0D0A,66,,,,N,Yes,Yes,Yes,No,No,No,No,No,No,No,No,No,,No,No,No,No,No,No,No,No,No,No,No,No,No,N,72,,,72,20,N,default,N,Y,public,No,N,,20,0,0,No,No,No,No,No,No,No,No,,No,No,No,No,No,No,No,No,,,,65,N,No,,,Yes,No,No,,,75
GWCVPS02,P2752,HPLaserJet600M602,Canada,"HP Universal Printing PCL 6 <+> Version (08/23/2017,61.210.01.22695)",,<ip addr>,9100,,,,,,Branch #,Y,,Y,,Y,HP,PS,,,N,,N,LRSQUEUE,dynamic,N,HOLD,PDF,/opt/lrs/convert1/lrscvdr,PDF2PS &KEYPDF2PS -i &infile -type PDF -o &outfile -type PS -logdir &TMPDIR -logfile &PRINTER,,,,,,,,,,,,,,,,,,,,,,,,,0D0C0D,,N,67,ISO-8859-81,,,No,No,No,No,No,No,0,,0,,,0D0A,67,,,,N,Yes,Yes,Yes,No,No,No,No,No,No,No,No,No,,No,No,No,No,No,No,No,No,No,No,No,No,No,N,72,,,72,20,N,default,N,Y,public,No,N,,20,0,0,No,No,No,No,No,No,No,No,,No,No,No,No,No,No,No,No,,,,66,N,No,,,Yes,No,No,,,76
GWCVPS02,P2753,HPColorLaserJetCP5520Series,Canada,"HP Universal Printing PCL 6 <+> Version (08/23/2017,61.210.01.22695)",,<ip addr>,9100,,,,,,Branch #,Y,,Y,,Y,HP,PS,,,N,,N,LRSQUEUE,dynamic,N,HOLD,PDF,/opt/lrs/convert1/lrscvdr,PDF2PS &KEYPDF2PS -i &infile -type PDF -o &outfile -type PS -logdir &TMPDIR -logfile &PRINTER,,,,,,,,,,,,,,,,,,,,,,,,,0D0C0D,,N,68,ISO-8859-82,,,No,No,No,No,No,No,0,,0,,,0D0A,68,,,,N,Yes,Yes,Yes,No,No,No,No,No,No,No,No,No,,No,No,No,No,No,No,No,No,No,No,No,No,No,N,72,,,72,20,N,default,N,Y,public,No,N,,20,0,0,No,No,No,No,No,No,No,No,,No,No,No,No,No,No,No,No,,,,67,N,No,,,Yes,No,No,,,77
GWCVPS02,P2754,HPLaserJet600M602,Canada,"HP Universal Printing PCL 6 <+> Version (08/23/2017,61.210.01.22695)",,<ip addr>,9100,,,,,,Branch #,Y,,Y,,Y,HP,PS,,,N,,N,LRSQUEUE,dynamic,N,HOLD,PDF,/opt/lrs/convert1/lrscvdr,PDF2PS &KEYPDF2PS -i &infile -type PDF -o &outfile -type PS -logdir &TMPDIR -logfile &PRINTER,,,,,,,,,,,,,,,,,,,,,,,,,0D0C0D,,N,69,ISO-8859-83,,,No,No,No,No,No,No,0,,0,,,0D0A,69,,,,N,Yes,Yes,Yes,No,No,No,No,No,No,No,No,No,,No,No,No,No,No,No,No,No,No,No,No,No,No,N,72,,,72,20,N,default,N,Y,public,No,N,,20,0,0,No,No,No,No,No,No,No,No,,No,No,No,No,No,No,No,No,,,,68,N,No,,,Yes,No,No,,,78
GWCVPS02,P2755,HPLaserJet600M602,Canada,"HP Universal Printing PCL 6 <+> Version (08/23/2017,61.210.01.22695)",,<ip addr>,9100,,,,,,Branch #,Y,,Y,,Y,HP,PS,,,N,,N,LRSQUEUE,dynamic,N,HOLD,PDF,/opt/lrs/convert1/lrscvdr,PDF2PS &KEYPDF2PS -i &infile -type PDF -o &outfile -type PS -logdir &TMPDIR -logfile &PRINTER,,,,,,,,,,,,,,,,,,,,,,,,,0D0C0D,,N,70,ISO-8859-84,,,No,No,No,No,No,No,0,,0,,,0D0A,70,,,,N,Yes,Yes,Yes,No,No,No,No,No,No,No,No,No,,No,No,No,No,No,No,No,No,No,No,No,No,No,N,72,,,72,20,N,default,N,Y,public,No,N,,20,0,0,No,No,No,No,No,No,No,No,,No,No,No,No,No,No,No,No,,,,69,N,No,,,Yes,No,No,,,79
GWCVPS02,ZBCON055-02,ZebraPrinter,Canada,,,<ip addr>,,,,,,,Branch #,Y,,Y,,Y,HP,PS,,,N,,N,LRSQUEUE,dynamic,N,HOLD,PDF,/opt/lrs/convert1/lrscvdr,PDF2PS &KEYPDF2PS -i &infile -type PDF -o &outfile -type PS -logdir &TMPDIR -logfile &PRINTER,,,,,,,,,,,,,,,,,,,,,,,,,0D0C0D,,N,71,ISO-8859-85,,,No,No,No,No,No,No,0,,0,,,0D0A,71,,,,N,Yes,Yes,Yes,No,No,No,No,No,No,No,No,No,,No,No,No,No,No,No,No,No,No,No,No,No,No,N,72,,,72,20,N,default,N,Y,public,No,N,,20,0,0,No,No,No,No,No,No,No,No,,No,No,No,No,No,No,No,No,,,,70,N,No,,,Yes,No,No,,,80
GWCVPS02,P2756,HPLaserJetM506,Canada,"HP Universal Printing PCL 6 <+> Version (08/23/2017,61.210.01.22695)",,<ip addr>,9100,,,,,,Branch #,Y,,Y,,Y,HP,PS,,,N,,N,LRSQUEUE,dynamic,N,HOLD,PDF,/opt/lrs/convert1/lrscvdr,PDF2PS &KEYPDF2PS -i &infile -type PDF -o &outfile -type PS -logdir &TMPDIR -logfile &PRINTER,,,,,,,,,,,,,,,,,,,,,,,,,0D0C0D,,N,72,ISO-8859-86,,,No,No,No,No,No,No,0,,0,,,0D0A,72,,,,N,Yes,Yes,Yes,No,No,No,No,No,No,No,No,No,,No,No,No,No,No,No,No,No,No,No,No,No,No,N,72,,,72,20,N,default,N,Y,public,No,N,,20,0,0,No,No,No,No,No,No,No,No,,No,No,No,No,No,No,No,No,,,,71,N,No,,,Yes,No,No,,,81
GWCVPS02,P2757,HPColorLaserJetMFPM680,Canada,"HP Universal Printing PCL 6 <+> Version (08/23/2017,61.210.01.22695)",,<ip addr>,9100,,,,,,Branch #,Y,,Y,,Y,HP,PS,,,N,,N,LRSQUEUE,dynamic,N,HOLD,PDF,/opt/lrs/convert1/lrscvdr,PDF2PS &KEYPDF2PS -i &infile -type PDF -o &outfile -type PS -logdir &TMPDIR -logfile &PRINTER,,,,,,,,,,,,,,,,,,,,,,,,,0D0C0D,,N,73,ISO-8859-87,,,No,No,No,No,No,No,0,,0,,,0D0A,73,,,,N,Yes,Yes,Yes,No,No,No,No,No,No,No,No,No,,No,No,No,No,No,No,No,No,No,No,No,No,No,N,72,,,72,20,N,default,N,Y,public,No,N,,20,0,0,No,No,No,No,No,No,No,No,,No,No,No,No,No,No,No,No,,,,72,N,No,,,Yes,No,No,,,82
GWCVPS02,P2758,HPLaserJetM3035MFP,Canada,"HP Universal Printing PCL 6 <+> Version (08/23/2017,61.210.01.22695)",,<ip addr>,9100,,,,,,Branch #,Y,,Y,,Y,HP,PS,,,N,,N,LRSQUEUE,dynamic,N,HOLD,PDF,/opt/lrs/convert1/lrscvdr,PDF2PS &KEYPDF2PS -i &infile -type PDF -o &outfile -type PS -logdir &TMPDIR -logfile &PRINTER,,,,,,,,,,,,,,,,,,,,,,,,,0D0C0D,,N,74,ISO-8859-88,,,No,No,No,No,No,No,0,,0,,,0D0A,74,,,,N,Yes,Yes,Yes,No,No,No,No,No,No,No,No,No,,No,No,No,No,No,No,No,No,No,No,No,No,No,N,72,,,72,20,N,default,N,Y,public,No,N,,20,0,0,No,No,No,No,No,No,No,No,,No,No,No,No,No,No,No,No,,,,73,N,No,,,Yes,No,No,,,83
GWCVPS02,P2759,HPLaserJetM3035MFP,Canada,"HP Universal Printing PCL 6 <+> Version (08/23/2017,61.210.01.22695)",,<ip addr>,9100,,,,,,Branch #,Y,,Y,,Y,HP,PS,,,N,,N,LRSQUEUE,dynamic,N,HOLD,PDF,/opt/lrs/convert1/lrscvdr,PDF2PS &KEYPDF2PS -i &infile -type PDF -o &outfile -type PS -logdir &TMPDIR -logfile &PRINTER,,,,,,,,,,,,,,,,,,,,,,,,,0D0C0D,,N,75,ISO-8859-89,,,No,No,No,No,No,No,0,,0,,,0D0A,75,,,,N,Yes,Yes,Yes,No,No,No,No,No,No,No,No,No,,No,No,No,No,No,No,No,No,No,No,No,No,No,N,72,,,72,20,N,default,N,Y,public,No,N,,20,0,0,No,No,No,No,No,No,No,No,,No,No,No,No,No,No,No,No,,,,74,N,No,,,Yes,No,No,,,84
GWCVPS02,P2760,HPLaserJetM506,Canada,"HP Universal Printing PCL 6 <+> Version (08/23/2017,61.210.01.22695)",,<ip addr>,9100,,,,,,Branch #,Y,,Y,,Y,HP,PS,,,N,,N,LRSQUEUE,dynamic,N,HOLD,PDF,/opt/lrs/convert1/lrscvdr,PDF2PS &KEYPDF2PS -i &infile -type PDF -o &outfile -type PS -logdir &TMPDIR -logfile &PRINTER,,,,,,,,,,,,,,,,,,,,,,,,,0D0C0D,,N,76,ISO-8859-90,,,No,No,No,No,No,No,0,,0,,,0D0A,76,,,,N,Yes,Yes,Yes,No,No,No,No,No,No,No,No,No,,No,No,No,No,No,No,No,No,No,No,No,No,No,N,72,,,72,20,N,default,N,Y,public,No,N,,20,0,0,No,No,No,No,No,No,No,No,,No,No,No,No,No,No,No,No,,,,75,N,No,,,Yes,No,No,,,85
GWCVPS02,P2761,HPLaserJetM3035MFP,Canada,"HP Universal Printing PCL 6 <+> Version (08/23/2017,61.210.01.22695)",,<ip addr>,9100,,,,,,Branch #,Y,,Y,,Y,HP,PS,,,N,,N,LRSQUEUE,dynamic,N,HOLD,PDF,/opt/lrs/convert1/lrscvdr,PDF2PS &KEYPDF2PS -i &infile -type PDF -o &outfile -type PS -logdir &TMPDIR -logfile &PRINTER,,,,,,,,,,,,,,,,,,,,,,,,,0D0C0D,,N,77,ISO-8859-91,,,No,No,No,No,No,No,0,,0,,,0D0A,77,,,,N,Yes,Yes,Yes,No,No,No,No,No,No,No,No,No,,No,No,No,No,No,No,No,No,No,No,No,No,No,N,72,,,72,20,N,default,N,Y,public,No,N,,20,0,0,No,No,No,No,No,No,No,No,,No,No,No,No,No,No,No,No,,,,76,N,No,,,Yes,No,No,,,86
GWCVPS02,P2762,HPLaserJet400MFP,Canada,"HP Universal Printing PCL 6 <+> Version (08/23/2017,61.210.01.22695)",,<ip addr>,9100,,,,,,Branch #,Y,,Y,,Y,HP,PS,,,N,,N,LRSQUEUE,dynamic,N,HOLD,PDF,/opt/lrs/convert1/lrscvdr,PDF2PS &KEYPDF2PS -i &infile -type PDF -o &outfile -type PS -logdir &TMPDIR -logfile &PRINTER,,,,,,,,,,,,,,,,,,,,,,,,,0D0C0D,,N,78,ISO-8859-92,,,No,No,No,No,No,No,0,,0,,,0D0A,78,,,,N,Yes,Yes,Yes,No,No,No,No,No,No,No,No,No,,No,No,No,No,No,No,No,No,No,No,No,No,No,N,72,,,72,20,N,default,N,Y,public,No,N,,20,0,0,No,No,No,No,No,No,No,No,,No,No,No,No,No,No,No,No,,,,77,N,No,,,Yes,No,No,,,87
GWCVPS02,P2763,HPLaserJetM506,Canada,"HP Universal Printing PCL 6 <+> Version (08/23/2017,61.210.01.22695)",,<ip addr>,9100,,,,,,Branch #,Y,,Y,,Y,HP,PS,,,N,,N,LRSQUEUE,dynamic,N,HOLD,PDF,/opt/lrs/convert1/lrscvdr,PDF2PS &KEYPDF2PS -i &infile -type PDF -o &outfile -type PS -logdir &TMPDIR -logfile &PRINTER,,,,,,,,,,,,,,,,,,,,,,,,,0D0C0D,,N,79,ISO-8859-93,,,No,No,No,No,No,No,0,,0,,,0D0A,79,,,,N,Yes,Yes,Yes,No,No,No,No,No,No,No,No,No,,No,No,No,No,No,No,No,No,No,No,No,No,No,N,72,,,72,20,N,default,N,Y,public,No,N,,20,0,0,No,No,No,No,No,No,No,No,,No,No,No,No,No,No,No,No,,,,78,N,No,,,Yes,No,No,,,88
GWCVPS02,P2764,HPLaserJetMFPM630,Canada,"HP Universal Printing PCL 6 <+> Version (08/23/2017,61.210.01.22695)",,<ip addr>,9100,,,,,,Branch #,Y,,Y,,Y,HP,PS,,,N,,N,LRSQUEUE,dynamic,N,HOLD,PDF,/opt/lrs/convert1/lrscvdr,PDF2PS &KEYPDF2PS -i &infile -type PDF -o &outfile -type PS -logdir &TMPDIR -logfile &PRINTER,,,,,,,,,,,,,,,,,,,,,,,,,0D0C0D,,N,80,ISO-8859-94,,,No,No,No,No,No,No,0,,0,,,0D0A,80,,,,N,Yes,Yes,Yes,No,No,No,No,No,No,No,No,No,,No,No,No,No,No,No,No,No,No,No,No,No,No,N,72,,,72,20,N,default,N,Y,public,No,N,,20,0,0,No,No,No,No,No,No,No,No,,No,No,No,No,No,No,No,No,,,,79,N,No,,,Yes,No,No,,,89
GWCVPS02,P2765,HPLaserJetM3035MFP,Canada,"HP Universal Printing PCL 6 <+> Version (08/23/2017,61.210.01.22695)",,<ip addr>,9100,,,,,,Branch #,Y,,Y,,Y,HP,PS,,,N,,N,LRSQUEUE,dynamic,N,HOLD,PDF,/opt/lrs/convert1/lrscvdr,PDF2PS &KEYPDF2PS -i &infile -type PDF -o &outfile -type PS -logdir &TMPDIR -logfile &PRINTER,,,,,,,,,,,,,,,,,,,,,,,,,0D0C0D,,N,81,ISO-8859-95,,,No,No,No,No,No,No,0,,0,,,0D0A,81,,,,N,Yes,Yes,Yes,No,No,No,No,No,No,No,No,No,,No,No,No,No,No,No,No,No,No,No,No,No,No,N,72,,,72,20,N,default,N,Y,public,No,N,,20,0,0,No,No,No,No,No,No,No,No,,No,No,No,No,No,No,No,No,,,,80,N,No,,,Yes,No,No,,,90
GWCVPS02,P2766,HPLaserJetP3010Series,Canada,"HP Universal Printing PCL 6 <+> Version (08/23/2017,61.210.01.22695)",,<ip addr>,9100,,,,,,Branch #,Y,,Y,,Y,HP,PS,,,N,,N,LRSQUEUE,dynamic,N,HOLD,PDF,/opt/lrs/convert1/lrscvdr,PDF2PS &KEYPDF2PS -i &infile -type PDF -o &outfile -type PS -logdir &TMPDIR -logfile &PRINTER,,,,,,,,,,,,,,,,,,,,,,,,,0D0C0D,,N,82,ISO-8859-96,,,No,No,No,No,No,No,0,,0,,,0D0A,82,,,,N,Yes,Yes,Yes,No,No,No,No,No,No,No,No,No,,No,No,No,No,No,No,No,No,No,No,No,No,No,N,72,,,72,20,N,default,N,Y,public,No,N,,20,0,0,No,No,No,No,No,No,No,No,,No,No,No,No,No,No,No,No,,,,81,N,No,,,Yes,No,No,,,91
GWCVPS02,P2767,HPLaserJetP3010Series,Canada,"HP Universal Printing PCL 6 <+> Version (08/23/2017,61.210.01.22695)",,<ip addr>,9100,,,,,,Branch #,Y,,Y,,Y,HP,PS,,,N,,N,LRSQUEUE,dynamic,N,HOLD,PDF,/opt/lrs/convert1/lrscvdr,PDF2PS &KEYPDF2PS -i &infile -type PDF -o &outfile -type PS -logdir &TMPDIR -logfile &PRINTER,,,,,,,,,,,,,,,,,,,,,,,,,0D0C0D,,N,83,ISO-8859-97,,,No,No,No,No,No,No,0,,0,,,0D0A,83,,,,N,Yes,Yes,Yes,No,No,No,No,No,No,No,No,No,,No,No,No,No,No,No,No,No,No,No,No,No,No,N,72,,,72,20,N,default,N,Y,public,No,N,,20,0,0,No,No,No,No,No,No,No,No,,No,No,No,No,No,No,No,No,,,,82,N,No,,,Yes,No,No,,,92
GWCVPS02,P2768,HPLaserJetMFPM630,Canada,"HP Universal Printing PCL 6 <+> Version (08/23/2017,61.210.01.22695)",,<ip addr>,9100,,,,,,Branch #,Y,,Y,,Y,HP,PS,,,N,,N,LRSQUEUE,dynamic,N,HOLD,PDF,/opt/lrs/convert1/lrscvdr,PDF2PS &KEYPDF2PS -i &infile -type PDF -o &outfile -type PS -logdir &TMPDIR -logfile &PRINTER,,,,,,,,,,,,,,,,,,,,,,,,,0D0C0D,,N,84,ISO-8859-98,,,No,No,No,No,No,No,0,,0,,,0D0A,84,,,,N,Yes,Yes,Yes,No,No,No,No,No,No,No,No,No,,No,No,No,No,No,No,No,No,No,No,No,No,No,N,72,,,72,20,N,default,N,Y,public,No,N,,20,0,0,No,No,No,No,No,No,No,No,,No,No,No,No,No,No,No,No,,,,83,N,No,,,Yes,No,No,,,93
GWCVPS02,P2769,HPLaserJetM3035MFP,Canada,"HP Universal Printing PCL 6 <+> Version (08/23/2017,61.210.01.22695)",,<ip addr>,9100,,,,,,Branch #,Y,,Y,,Y,HP,PS,,,N,,N,LRSQUEUE,dynamic,N,HOLD,PDF,/opt/lrs/convert1/lrscvdr,PDF2PS &KEYPDF2PS -i &infile -type PDF -o &outfile -type PS -logdir &TMPDIR -logfile &PRINTER,,,,,,,,,,,,,,,,,,,,,,,,,0D0C0D,,N,85,ISO-8859-99,,,No,No,No,No,No,No,0,,0,,,0D0A,85,,,,N,Yes,Yes,Yes,No,No,No,No,No,No,No,No,No,,No,No,No,No,No,No,No,No,No,No,No,No,No,N,72,,,72,20,N,default,N,Y,public,No,N,,20,0,0,No,No,No,No,No,No,No,No,,No,No,No,No,No,No,No,No,,,,84,N,No,,,Yes,No,No,,,94
GWCVPS02,P2770,HPLaserJet,Canada,"HP Universal Printing PCL 6 <+> Version (08/23/2017,61.210.01.22695)",,<ip addr>,9100,,,,,,Branch #,Y,,Y,,Y,HP,PS,,,N,,N,LRSQUEUE,dynamic,N,HOLD,PDF,/opt/lrs/convert1/lrscvdr,PDF2PS &KEYPDF2PS -i &infile -type PDF -o &outfile -type PS -logdir &TMPDIR -logfile &PRINTER,,,,,,,,,,,,,,,,,,,,,,,,,0D0C0D,,N,86,ISO-8859-100,,,No,No,No,No,No,No,0,,0,,,0D0A,86,,,,N,Yes,Yes,Yes,No,No,No,No,No,No,No,No,No,,No,No,No,No,No,No,No,No,No,No,No,No,No,N,72,,,72,20,N,default,N,Y,public,No,N,,20,0,0,No,No,No,No,No,No,No,No,,No,No,No,No,No,No,No,No,,,,85,N,No,,,Yes,No,No,,,95
GWCVPS02,P2771,HPLaserJetMFPM630,Canada,"HP Universal Printing PCL 6 <+> Version (08/23/2017,61.210.01.22695)",,<ip addr>,9100,,,,,,Branch #,Y,,Y,,Y,HP,PS,,,N,,N,LRSQUEUE,dynamic,N,HOLD,PDF,/opt/lrs/convert1/lrscvdr,PDF2PS &KEYPDF2PS -i &infile -type PDF -o &outfile -type PS -logdir &TMPDIR -logfile &PRINTER,,,,,,,,,,,,,,,,,,,,,,,,,0D0C0D,,N,87,ISO-8859-101,,,No,No,No,No,No,No,0,,0,,,0D0A,87,,,,N,Yes,Yes,Yes,No,No,No,No,No,No,No,No,No,,No,No,No,No,No,No,No,No,No,No,No,No,No,N,72,,,72,20,N,default,N,Y,public,No,N,,20,0,0,No,No,No,No,No,No,No,No,,No,No,No,No,No,No,No,No,,,,86,N,No,,,Yes,No,No,,,96
GWCVPS02,P2772,HPLaserJetM506,Canada,"HP Universal Printing PCL 6 <+> Version (08/23/2017,61.210.01.22695)",,<ip addr>,9100,,,,,,Branch #,Y,,Y,,Y,HP,PS,,,N,,N,LRSQUEUE,dynamic,N,HOLD,PDF,/opt/lrs/convert1/lrscvdr,PDF2PS &KEYPDF2PS -i &infile -type PDF -o &outfile -type PS -logdir &TMPDIR -logfile &PRINTER,,,,,,,,,,,,,,,,,,,,,,,,,0D0C0D,,N,88,ISO-8859-102,,,No,No,No,No,No,No,0,,0,,,0D0A,88,,,,N,Yes,Yes,Yes,No,No,No,No,No,No,No,No,No,,No,No,No,No,No,No,No,No,No,No,No,No,No,N,72,,,72,20,N,default,N,Y,public,No,N,,20,0,0,No,No,No,No,No,No,No,No,,No,No,No,No,No,No,No,No,,,,87,N,No,,,Yes,No,No,,,97
GWCVPS02,P2773,HPLaserJetM506,Canada,"HP Universal Printing PCL 6 <+> Version (08/23/2017,61.210.01.22695)",,<ip addr>,9100,,,,,,Branch #,Y,,Y,,Y,HP,PS,,,N,,N,LRSQUEUE,dynamic,N,HOLD,PDF,/opt/lrs/convert1/lrscvdr,PDF2PS &KEYPDF2PS -i &infile -type PDF -o &outfile -type PS -logdir &TMPDIR -logfile &PRINTER,,,,,,,,,,,,,,,,,,,,,,,,,0D0C0D,,N,89,ISO-8859-103,,,No,No,No,No,No,No,0,,0,,,0D0A,89,,,,N,Yes,Yes,Yes,No,No,No,No,No,No,No,No,No,,No,No,No,No,No,No,No,No,No,No,No,No,No,N,72,,,72,20,N,default,N,Y,public,No,N,,20,0,0,No,No,No,No,No,No,No,No,,No,No,No,No,No,No,No,No,,,,88,N,No,,,Yes,No,No,,,98
GWCVPS02,P2774,HPLaserJet600M602,Canada,"HP Universal Printing PCL 6 <+> Version (08/23/2017,61.210.01.22695)",,<ip addr>,9100,,,,,,Branch #,Y,,Y,,Y,HP,PS,,,N,,N,LRSQUEUE,dynamic,N,HOLD,PDF,/opt/lrs/convert1/lrscvdr,PDF2PS &KEYPDF2PS -i &infile -type PDF -o &outfile -type PS -logdir &TMPDIR -logfile &PRINTER,,,,,,,,,,,,,,,,,,,,,,,,,0D0C0D,,N,90,ISO-8859-104,,,No,No,No,No,No,No,0,,0,,,0D0A,90,,,,N,Yes,Yes,Yes,No,No,No,No,No,No,No,No,No,,No,No,No,No,No,No,No,No,No,No,No,No,No,N,72,,,72,20,N,default,N,Y,public,No,N,,20,0,0,No,No,No,No,No,No,No,No,,No,No,No,No,No,No,No,No,,,,89,N,No,,,Yes,No,No,,,99
GWCVPS02,P2775,HPLaserJet600M602,Canada,"HP Universal Printing PCL 6 <+> Version (08/23/2017,61.210.01.22695)",,<ip addr>,9100,,,,,,Branch #,Y,,Y,,Y,HP,PS,,,N,,N,LRSQUEUE,dynamic,N,HOLD,PDF,/opt/lrs/convert1/lrscvdr,PDF2PS &KEYPDF2PS -i &infile -type PDF -o &outfile -type PS -logdir &TMPDIR -logfile &PRINTER,,,,,,,,,,,,,,,,,,,,,,,,,0D0C0D,,N,91,ISO-8859-105,,,No,No,No,No,No,No,0,,0,,,0D0A,91,,,,N,Yes,Yes,Yes,No,No,No,No,No,No,No,No,No,,No,No,No,No,No,No,No,No,No,No,No,No,No,N,72,,,72,20,N,default,N,Y,public,No,N,,20,0,0,No,No,No,No,No,No,No,No,,No,No,No,No,No,No,No,No,,,,90,N,No,,,Yes,No,No,,,100
GWCVPS02,P2776,HPPageWideColorFlowMFP586,Canada,"HP Universal Printing PCL 6 <+> Version (08/23/2017,61.210.01.22695)",,<ip addr>,9100,,,,,,Branch #,Y,,Y,,Y,HP,PS,,,N,,N,LRSQUEUE,dynamic,N,HOLD,PDF,/opt/lrs/convert1/lrscvdr,PDF2PS &KEYPDF2PS -i &infile -type PDF -o &outfile -type PS -logdir &TMPDIR -logfile &PRINTER,,,,,,,,,,,,,,,,,,,,,,,,,0D0C0D,,N,92,ISO-8859-106,,,No,No,No,No,No,No,0,,0,,,0D0A,92,,,,N,Yes,Yes,Yes,No,No,No,No,No,No,No,No,No,,No,No,No,No,No,No,No,No,No,No,No,No,No,N,72,,,72,20,N,default,N,Y,public,No,N,,20,0,0,No,No,No,No,No,No,No,No,,No,No,No,No,No,No,No,No,,,,91,N,No,,,Yes,No,No,,,101
GWCVPS02,P2777,HPPageWideColorMFP586,Canada,"HP Universal Printing PCL 6 <+> Version (08/23/2017,61.210.01.22695)",,<ip addr>,9100,,,,,,Branch #,Y,,Y,,Y,HP,PS,,,N,,N,LRSQUEUE,dynamic,N,HOLD,PDF,/opt/lrs/convert1/lrscvdr,PDF2PS &KEYPDF2PS -i &infile -type PDF -o &outfile -type PS -logdir &TMPDIR -logfile &PRINTER,,,,,,,,,,,,,,,,,,,,,,,,,0D0C0D,,N,93,ISO-8859-107,,,No,No,No,No,No,No,0,,0,,,0D0A,93,,,,N,Yes,Yes,Yes,No,No,No,No,No,No,No,No,No,,No,No,No,No,No,No,No,No,No,No,No,No,No,N,72,,,72,20,N,default,N,Y,public,No,N,,20,0,0,No,No,No,No,No,No,No,No,,No,No,No,No,No,No,No,No,,,,92,N,No,,,Yes,No,No,,,102
GWCVPS02,P2778,HPLaserJetM203dw,Canada,"HP Universal Printing PCL 6 <+> Version (08/23/2017,61.210.01.22695)",,<ip addr>,9100,,,,,,Branch #,Y,,Y,,Y,HP,PS,,,N,,N,LRSQUEUE,dynamic,N,HOLD,PDF,/opt/lrs/convert1/lrscvdr,PDF2PS &KEYPDF2PS -i &infile -type PDF -o &outfile -type PS -logdir &TMPDIR -logfile &PRINTER,,,,,,,,,,,,,,,,,,,,,,,,,0D0C0D,,N,94,ISO-8859-108,,,No,No,No,No,No,No,0,,0,,,0D0A,94,,,,N,Yes,Yes,Yes,No,No,No,No,No,No,No,No,No,,No,No,No,No,No,No,No,No,No,No,No,No,No,N,72,,,72,20,N,default,N,Y,public,No,N,,20,0,0,No,No,No,No,No,No,No,No,,No,No,No,No,No,No,No,No,,,,93,N,No,,,Yes,No,No,,,103
GWCVPS02,ZBCON055-03,ZTCZ4MPlus-200dpi,Canada,,,<ip addr>,,,,,,,Branch #,Y,,Y,,Y,HP,PS,,,N,,N,LRSQUEUE,dynamic,N,HOLD,PDF,/opt/lrs/convert1/lrscvdr,PDF2PS &KEYPDF2PS -i &infile -type PDF -o &outfile -type PS -logdir &TMPDIR -logfile &PRINTER,,,,,,,,,,,,,,,,,,,,,,,,,0D0C0D,,N,95,ISO-8859-109,,,No,No,No,No,No,No,0,,0,,,0D0A,95,,,,N,Yes,Yes,Yes,No,No,No,No,No,No,No,No,No,,No,No,No,No,No,No,No,No,No,No,No,No,No,N,72,,,72,20,N,default,N,Y,public,No,N,,20,0,0,No,No,No,No,No,No,No,No,,No,No,No,No,No,No,No,No,,,,94,N,No,,,Yes,No,No,,,104
GWCVPS02,P2779,HPLaserJet600M602,Canada,"HP Universal Printing PCL 6 <+> Version (08/23/2017,61.210.01.22695)",,<ip addr>,9100,,,,,,Branch #,Y,,Y,,Y,HP,PS,,,N,,N,LRSQUEUE,dynamic,N,HOLD,PDF,/opt/lrs/convert1/lrscvdr,PDF2PS &KEYPDF2PS -i &infile -type PDF -o &outfile -type PS -logdir &TMPDIR -logfile &PRINTER,,,,,,,,,,,,,,,,,,,,,,,,,0D0C0D,,N,96,ISO-8859-110,,,No,No,No,No,No,No,0,,0,,,0D0A,96,,,,N,Yes,Yes,Yes,No,No,No,No,No,No,No,No,No,,No,No,No,No,No,No,No,No,No,No,No,No,No,N,72,,,72,20,N,default,N,Y,public,No,N,,20,0,0,No,No,No,No,No,No,No,No,,No,No,No,No,No,No,No,No,,,,95,N,No,,,Yes,No,No,,,105
GWCVPS02,P2780,HPLaserJet,Canada,"HP Universal Printing PCL 6 <+> Version (08/23/2017,61.210.01.22695)",,<ip addr>,9100,,,,,,Branch #,Y,,Y,,Y,HP,PS,,,N,,N,LRSQUEUE,dynamic,N,HOLD,PDF,/opt/lrs/convert1/lrscvdr,PDF2PS &KEYPDF2PS -i &infile -type PDF -o &outfile -type PS -logdir &TMPDIR -logfile &PRINTER,,,,,,,,,,,,,,,,,,,,,,,,,0D0C0D,,N,97,ISO-8859-111,,,No,No,No,No,No,No,0,,0,,,0D0A,97,,,,N,Yes,Yes,Yes,No,No,No,No,No,No,No,No,No,,No,No,No,No,No,No,No,No,No,No,No,No,No,N,72,,,72,20,N,default,N,Y,public,No,N,,20,0,0,No,No,No,No,No,No,No,No,,No,No,No,No,No,No,No,No,,,,96,N,No,,,Yes,No,No,,,106
GWCVPS02,P2781,HPLaserJet600M602,Canada,"HP Universal Printing PCL 6 <+> Version (08/23/2017,61.210.01.22695)",,<ip addr>,9100,,,,,,Branch #,Y,,Y,,Y,HP,PS,,,N,,N,LRSQUEUE,dynamic,N,HOLD,PDF,/opt/lrs/convert1/lrscvdr,PDF2PS &KEYPDF2PS -i &infile -type PDF -o &outfile -type PS -logdir &TMPDIR -logfile &PRINTER,,,,,,,,,,,,,,,,,,,,,,,,,0D0C0D,,N,98,ISO-8859-112,,,No,No,No,No,No,No,0,,0,,,0D0A,98,,,,N,Yes,Yes,Yes,No,No,No,No,No,No,No,No,No,,No,No,No,No,No,No,No,No,No,No,No,No,No,N,72,,,72,20,N,default,N,Y,public,No,N,,20,0,0,No,No,No,No,No,No,No,No,,No,No,No,No,No,No,No,No,,,,97,N,No,,,Yes,No,No,,,107
GWCVPS02,P2782,HPLaserJetM506,Canada,"HP Universal Printing PCL 6 <+> Version (08/23/2017,61.210.01.22695)",,<ip addr>,9100,,,,,,Branch #,Y,,Y,,Y,HP,PS,,,N,,N,LRSQUEUE,dynamic,N,HOLD,PDF,/opt/lrs/convert1/lrscvdr,PDF2PS &KEYPDF2PS -i &infile -type PDF -o &outfile -type PS -logdir &TMPDIR -logfile &PRINTER,,,,,,,,,,,,,,,,,,,,,,,,,0D0C0D,,N,99,ISO-8859-113,,,No,No,No,No,No,No,0,,0,,,0D0A,99,,,,N,Yes,Yes,Yes,No,No,No,No,No,No,No,No,No,,No,No,No,No,No,No,No,No,No,No,No,No,No,N,72,,,72,20,N,default,N,Y,public,No,N,,20,0,0,No,No,No,No,No,No,No,No,,No,No,No,No,No,No,No,No,,,,98,N,No,,,Yes,No,No,,,108
GWCVPS02,P2783,HPLaserJetMFPM630,Canada,"HP Universal Printing PCL 6 <+> Version (08/23/2017,61.210.01.22695)",,<ip addr>,9100,,,,,,Branch #,Y,,Y,,Y,HP,PS,,,N,,N,LRSQUEUE,dynamic,N,HOLD,PDF,/opt/lrs/convert1/lrscvdr,PDF2PS &KEYPDF2PS -i &infile -type PDF -o &outfile -type PS -logdir &TMPDIR -logfile &PRINTER,,,,,,,,,,,,,,,,,,,,,,,,,0D0C0D,,N,100,ISO-8859-114,,,No,No,No,No,No,No,0,,0,,,0D0A,100,,,,N,Yes,Yes,Yes,No,No,No,No,No,No,No,No,No,,No,No,No,No,No,No,No,No,No,No,No,No,No,N,72,,,72,20,N,default,N,Y,public,No,N,,20,0,0,No,No,No,No,No,No,No,No,,No,No,No,No,No,No,No,No,,,,99,N,No,,,Yes,No,No,,,109
GWCVPS02,P2784,HPLaserJet600M602,Canada,"HP Universal Printing PCL 6 <+> Version (08/23/2017,61.210.01.22695)",,<ip addr>,9100,,,,,,Branch #,Y,,Y,,Y,HP,PS,,,N,,N,LRSQUEUE,dynamic,N,HOLD,PDF,/opt/lrs/convert1/lrscvdr,PDF2PS &KEYPDF2PS -i &infile -type PDF -o &outfile -type PS -logdir &TMPDIR -logfile &PRINTER,,,,,,,,,,,,,,,,,,,,,,,,,0D0C0D,,N,101,ISO-8859-115,,,No,No,No,No,No,No,0,,0,,,0D0A,101,,,,N,Yes,Yes,Yes,No,No,No,No,No,No,No,No,No,,No,No,No,No,No,No,No,No,No,No,No,No,No,N,72,,,72,20,N,default,N,Y,public,No,N,,20,0,0,No,No,No,No,No,No,No,No,,No,No,No,No,No,No,No,No,,,,100,N,No,,,Yes,No,No,,,110
GWCVPS02,P2785,HPPageWideColorFlowMFP586,Canada,"HP Universal Printing PCL 6 <+> Version (08/23/2017,61.210.01.22695)",,<ip addr>,9100,,,,,,Branch #,Y,,Y,,Y,HP,PS,,,N,,N,LRSQUEUE,dynamic,N,HOLD,PDF,/opt/lrs/convert1/lrscvdr,PDF2PS &KEYPDF2PS -i &infile -type PDF -o &outfile -type PS -logdir &TMPDIR -logfile &PRINTER,,,,,,,,,,,,,,,,,,,,,,,,,0D0C0D,,N,102,ISO-8859-116,,,No,No,No,No,No,No,0,,0,,,0D0A,102,,,,N,Yes,Yes,Yes,No,No,No,No,No,No,No,No,No,,No,No,No,No,No,No,No,No,No,No,No,No,No,N,72,,,72,20,N,default,N,Y,public,No,N,,20,0,0,No,No,No,No,No,No,No,No,,No,No,No,No,No,No,No,No,,,,101,N,No,,,Yes,No,No,,,111
GWCVPS02,ZBCON055-04,ZebraPrinter,Canada,,,<ip addr>,,,,,,,Branch #,Y,,Y,,Y,HP,PS,,,N,,N,LRSQUEUE,dynamic,N,HOLD,PDF,/opt/lrs/convert1/lrscvdr,PDF2PS &KEYPDF2PS -i &infile -type PDF -o &outfile -type PS -logdir &TMPDIR -logfile &PRINTER,,,,,,,,,,,,,,,,,,,,,,,,,0D0C0D,,N,103,ISO-8859-117,,,No,No,No,No,No,No,0,,0,,,0D0A,103,,,,N,Yes,Yes,Yes,No,No,No,No,No,No,No,No,No,,No,No,No,No,No,No,No,No,No,No,No,No,No,N,72,,,72,20,N,default,N,Y,public,No,N,,20,0,0,No,No,No,No,No,No,No,No,,No,No,No,No,No,No,No,No,,,,102,N,No,,,Yes,No,No,,,112
GWCVPS02,P2786,HPLaserJet600M602,Canada,"HP Universal Printing PCL 6 <+> Version (08/23/2017,61.210.01.22695)",,<ip addr>,9100,,,,,,Branch #,Y,,Y,,Y,HP,PS,,,N,,N,LRSQUEUE,dynamic,N,HOLD,PDF,/opt/lrs/convert1/lrscvdr,PDF2PS &KEYPDF2PS -i &infile -type PDF -o &outfile -type PS -logdir &TMPDIR -logfile &PRINTER,,,,,,,,,,,,,,,,,,,,,,,,,0D0C0D,,N,104,ISO-8859-118,,,No,No,No,No,No,No,0,,0,,,0D0A,104,,,,N,Yes,Yes,Yes,No,No,No,No,No,No,No,No,No,,No,No,No,No,No,No,No,No,No,No,No,No,No,N,72,,,72,20,N,default,N,Y,public,No,N,,20,0,0,No,No,No,No,No,No,No,No,,No,No,No,No,No,No,No,No,,,,103,N,No,,,Yes,No,No,,,113
GWCVPS02,P2787,HPLaserJet,Canada,"HP Universal Printing PCL 6 <+> Version (08/23/2017,61.210.01.22695)",,<ip addr>,9100,,,,,,Branch #,Y,,Y,,Y,HP,PS,,,N,,N,LRSQUEUE,dynamic,N,HOLD,PDF,/opt/lrs/convert1/lrscvdr,PDF2PS &KEYPDF2PS -i &infile -type PDF -o &outfile -type PS -logdir &TMPDIR -logfile &PRINTER,,,,,,,,,,,,,,,,,,,,,,,,,0D0C0D,,N,105,ISO-8859-119,,,No,No,No,No,No,No,0,,0,,,0D0A,105,,,,N,Yes,Yes,Yes,No,No,No,No,No,No,No,No,No,,No,No,No,No,No,No,No,No,No,No,No,No,No,N,72,,,72,20,N,default,N,Y,public,No,N,,20,0,0,No,No,No,No,No,No,No,No,,No,No,No,No,No,No,No,No,,,,104,N,No,,,Yes,No,No,,,114
GWCVPS02,P2788,HPLaserJetM3035MFP,Canada,"HP Universal Printing PCL 6 <+> Version (08/23/2017,61.210.01.22695)",,<ip addr>,9100,,,,,,Branch #,Y,,Y,,Y,HP,PS,,,N,,N,LRSQUEUE,dynamic,N,HOLD,PDF,/opt/lrs/convert1/lrscvdr,PDF2PS &KEYPDF2PS -i &infile -type PDF -o &outfile -type PS -logdir &TMPDIR -logfile &PRINTER,,,,,,,,,,,,,,,,,,,,,,,,,0D0C0D,,N,106,ISO-8859-120,,,No,No,No,No,No,No,0,,0,,,0D0A,106,,,,N,Yes,Yes,Yes,No,No,No,No,No,No,No,No,No,,No,No,No,No,No,No,No,No,No,No,No,No,No,N,72,,,72,20,N,default,N,Y,public,No,N,,20,0,0,No,No,No,No,No,No,No,No,,No,No,No,No,No,No,No,No,,,,105,N,No,,,Yes,No,No,,,115
GWCVPS02,P2789,HPPageWideColorMFP586,Canada,"HP Universal Printing PCL 6 <+> Version (08/23/2017,61.210.01.22695)",,<ip addr>,9100,,,,,,Branch #,Y,,Y,,Y,HP,PS,,,N,,N,LRSQUEUE,dynamic,N,HOLD,PDF,/opt/lrs/convert1/lrscvdr,PDF2PS &KEYPDF2PS -i &infile -type PDF -o &outfile -type PS -logdir &TMPDIR -logfile &PRINTER,,,,,,,,,,,,,,,,,,,,,,,,,0D0C0D,,N,107,ISO-8859-121,,,No,No,No,No,No,No,0,,0,,,0D0A,107,,,,N,Yes,Yes,Yes,No,No,No,No,No,No,No,No,No,,No,No,No,No,No,No,No,No,No,No,No,No,No,N,72,,,72,20,N,default,N,Y,public,No,N,,20,0,0,No,No,No,No,No,No,No,No,,No,No,No,No,No,No,No,No,,,,106,N,No,,,Yes,No,No,,,116
GWCVPS02,ZBCON055-05,ZTCZT410-203dpiZPL,Canada,,,<ip addr>,,,,,,,Branch #,Y,,Y,,Y,HP,PS,,,N,,N,LRSQUEUE,dynamic,N,HOLD,PDF,/opt/lrs/convert1/lrscvdr,PDF2PS &KEYPDF2PS -i &infile -type PDF -o &outfile -type PS -logdir &TMPDIR -logfile &PRINTER,,,,,,,,,,,,,,,,,,,,,,,,,0D0C0D,,N,108,ISO-8859-122,,,No,No,No,No,No,No,0,,0,,,0D0A,108,,,,N,Yes,Yes,Yes,No,No,No,No,No,No,No,No,No,,No,No,No,No,No,No,No,No,No,No,No,No,No,N,72,,,72,20,N,default,N,Y,public,No,N,,20,0,0,No,No,No,No,No,No,No,No,,No,No,No,No,No,No,No,No,,,,107,N,No,,,Yes,No,No,,,117
GWCVPS02,P2790,RICOHAficioMP161,Canada,"HP Universal Printing PCL 6 <+> Version (08/23/2017,61.210.01.22695)",,<ip addr>,9100,,,,,,Branch #,Y,,Y,,Y,HP,PS,,,N,,N,LRSQUEUE,dynamic,N,HOLD,PDF,/opt/lrs/convert1/lrscvdr,PDF2PS &KEYPDF2PS -i &infile -type PDF -o &outfile -type PS -logdir &TMPDIR -logfile &PRINTER,,,,,,,,,,,,,,,,,,,,,,,,,0D0C0D,,N,109,ISO-8859-123,,,No,No,No,No,No,No,0,,0,,,0D0A,109,,,,N,Yes,Yes,Yes,No,No,No,No,No,No,No,No,No,,No,No,No,No,No,No,No,No,No,No,No,No,No,N,72,,,72,20,N,default,N,Y,public,No,N,,20,0,0,No,No,No,No,No,No,No,No,,No,No,No,No,No,No,No,No,,,,108,N,No,,,Yes,No,No,,,118
GWCVPS02,P2791,HPLaserJetM3035MFP,Canada,"HP Universal Printing PCL 6 <+> Version (08/23/2017,61.210.01.22695)",,<ip addr>,9100,,,,,,Branch #,Y,,Y,,Y,HP,PS,,,N,,N,LRSQUEUE,dynamic,N,HOLD,PDF,/opt/lrs/convert1/lrscvdr,PDF2PS &KEYPDF2PS -i &infile -type PDF -o &outfile -type PS -logdir &TMPDIR -logfile &PRINTER,,,,,,,,,,,,,,,,,,,,,,,,,0D0C0D,,N,110,ISO-8859-124,,,No,No,No,No,No,No,0,,0,,,0D0A,110,,,,N,Yes,Yes,Yes,No,No,No,No,No,No,No,No,No,,No,No,No,No,No,No,No,No,No,No,No,No,No,N,72,,,72,20,N,default,N,Y,public,No,N,,20,0,0,No,No,No,No,No,No,No,No,,No,No,No,No,No,No,No,No,,,,109,N,No,,,Yes,No,No,,,119
GWCVPS02,P2792,HPPageWideColorFlowMFP586,Canada,"HP Universal Printing PCL 6 <+> Version (08/23/2017,61.210.01.22695)",,<ip addr>,9100,,,,,,Branch #,Y,,Y,,Y,HP,PS,,,N,,N,LRSQUEUE,dynamic,N,HOLD,PDF,/opt/lrs/convert1/lrscvdr,PDF2PS &KEYPDF2PS -i &infile -type PDF -o &outfile -type PS -logdir &TMPDIR -logfile &PRINTER,,,,,,,,,,,,,,,,,,,,,,,,,0D0C0D,,N,111,ISO-8859-125,,,No,No,No,No,No,No,0,,0,,,0D0A,111,,,,N,Yes,Yes,Yes,No,No,No,No,No,No,No,No,No,,No,No,No,No,No,No,No,No,No,No,No,No,No,N,72,,,72,20,N,default,N,Y,public,No,N,,20,0,0,No,No,No,No,No,No,No,No,,No,No,No,No,No,No,No,No,,,,110,N,No,,,Yes,No,No,,,120
GWCVPS02,P2793,HPLaserJet700colorMFPM775,Canada,"HP Universal Printing PCL 6 <+> Version (08/23/2017,61.210.01.22695)",,<ip addr>,9100,,,,,,Branch #,Y,,Y,,Y,HP,PS,,,N,,N,LRSQUEUE,dynamic,N,HOLD,PDF,/opt/lrs/convert1/lrscvdr,PDF2PS &KEYPDF2PS -i &infile -type PDF -o &outfile -type PS -logdir &TMPDIR -logfile &PRINTER,,,,,,,,,,,,,,,,,,,,,,,,,0D0C0D,,N,112,ISO-8859-126,,,No,No,No,No,No,No,0,,0,,,0D0A,112,,,,N,Yes,Yes,Yes,No,No,No,No,No,No,No,No,No,,No,No,No,No,No,No,No,No,No,No,No,No,No,N,72,,,72,20,N,default,N,Y,public,No,N,,20,0,0,No,No,No,No,No,No,No,No,,No,No,No,No,No,No,No,No,,,,111,N,No,,,Yes,No,No,,,121
GWCVPS02,ZBCAB008,ZTCZT410-203dpiZPL,Canada,,,<ip addr>,,,,,,,Branch #,Y,,Y,,Y,HP,PS,,,N,,N,LRSQUEUE,dynamic,N,HOLD,PDF,/opt/lrs/convert1/lrscvdr,PDF2PS &KEYPDF2PS -i &infile -type PDF -o &outfile -type PS -logdir &TMPDIR -logfile &PRINTER,,,,,,,,,,,,,,,,,,,,,,,,,0D0C0D,,N,113,ISO-8859-127,,,No,No,No,No,No,No,0,,0,,,0D0A,113,,,,N,Yes,Yes,Yes,No,No,No,No,No,No,No,No,No,,No,No,No,No,No,No,No,No,No,No,No,No,No,N,72,,,72,20,N,default,N,Y,public,No,N,,20,0,0,No,No,No,No,No,No,No,No,,No,No,No,No,No,No,No,No,,,,112,N,No,,,Yes,No,No,,,122
GWCVPS02,P2794,HPPageWideColorMFP586,Canada,"HP Universal Printing PCL 6 <+> Version (08/23/2017,61.210.01.22695)",,<ip addr>,9100,,,,,,Branch #,Y,,Y,,Y,HP,PS,,,N,,N,LRSQUEUE,dynamic,N,HOLD,PDF,/opt/lrs/convert1/lrscvdr,PDF2PS &KEYPDF2PS -i &infile -type PDF -o &outfile -type PS -logdir &TMPDIR -logfile &PRINTER,,,,,,,,,,,,,,,,,,,,,,,,,0D0C0D,,N,114,ISO-8859-128,,,No,No,No,No,No,No,0,,0,,,0D0A,114,,,,N,Yes,Yes,Yes,No,No,No,No,No,No,No,No,No,,No,No,No,No,No,No,No,No,No,No,No,No,No,N,72,,,72,20,N,default,N,Y,public,No,N,,20,0,0,No,No,No,No,No,No,No,No,,No,No,No,No,No,No,No,No,,,,113,N,No,,,Yes,No,No,,,123
GWCVPS02,P2795,HPLaserJetM3035MFP,Canada,"HP Universal Printing PCL 6 <+> Version (08/23/2017,61.210.01.22695)",,<ip addr>,9100,,,,,,Branch #,Y,,Y,,Y,HP,PS,,,N,,N,LRSQUEUE,dynamic,N,HOLD,PDF,/opt/lrs/convert1/lrscvdr,PDF2PS &KEYPDF2PS -i &infile -type PDF -o &outfile -type PS -logdir &TMPDIR -logfile &PRINTER,,,,,,,,,,,,,,,,,,,,,,,,,0D0C0D,,N,115,ISO-8859-129,,,No,No,No,No,No,No,0,,0,,,0D0A,115,,,,N,Yes,Yes,Yes,No,No,No,No,No,No,No,No,No,,No,No,No,No,No,No,No,No,No,No,No,No,No,N,72,,,72,20,N,default,N,Y,public,No,N,,20,0,0,No,No,No,No,No,No,No,No,,No,No,No,No,No,No,No,No,,,,114,N,No,,,Yes,No,No,,,124
GWCVPS02,P2796,HPLaserJet,Canada,"HP Universal Printing PCL 6 <+> Version (08/23/2017,61.210.01.22695)",,<ip addr>,9100,,,,,,Branch #,Y,,Y,,Y,HP,PS,,,N,,N,LRSQUEUE,dynamic,N,HOLD,PDF,/opt/lrs/convert1/lrscvdr,PDF2PS &KEYPDF2PS -i &infile -type PDF -o &outfile -type PS -logdir &TMPDIR -logfile &PRINTER,,,,,,,,,,,,,,,,,,,,,,,,,0D0C0D,,N,116,ISO-8859-130,,,No,No,No,No,No,No,0,,0,,,0D0A,116,,,,N,Yes,Yes,Yes,No,No,No,No,No,No,No,No,No,,No,No,No,No,No,No,No,No,No,No,No,No,No,N,72,,,72,20,N,default,N,Y,public,No,N,,20,0,0,No,No,No,No,No,No,No,No,,No,No,No,No,No,No,No,No,,,,115,N,No,,,Yes,No,No,,,125
GWCVPS02,P2797,HPLaserJetP3010Series,Canada,"HP Universal Printing PCL 6 <+> Version (08/23/2017,61.210.01.22695)",,<ip addr>,9100,,,,,,Branch #,Y,,Y,,Y,HP,PS,,,N,,N,LRSQUEUE,dynamic,N,HOLD,PDF,/opt/lrs/convert1/lrscvdr,PDF2PS &KEYPDF2PS -i &infile -type PDF -o &outfile -type PS -logdir &TMPDIR -logfile &PRINTER,,,,,,,,,,,,,,,,,,,,,,,,,0D0C0D,,N,117,ISO-8859-131,,,No,No,No,No,No,No,0,,0,,,0D0A,117,,,,N,Yes,Yes,Yes,No,No,No,No,No,No,No,No,No,,No,No,No,No,No,No,No,No,No,No,No,No,No,N,72,,,72,20,N,default,N,Y,public,No,N,,20,0,0,No,No,No,No,No,No,No,No,,No,No,No,No,No,No,No,No,,,,116,N,No,,,Yes,No,No,,,126
GWCVPS02,P2798,HPLaserJetM506,Canada,"HP Universal Printing PCL 6 <+> Version (08/23/2017,61.210.01.22695)",,<ip addr>,9100,,,,,,Branch #,Y,,Y,,Y,HP,PS,,,N,,N,LRSQUEUE,dynamic,N,HOLD,PDF,/opt/lrs/convert1/lrscvdr,PDF2PS &KEYPDF2PS -i &infile -type PDF -o &outfile -type PS -logdir &TMPDIR -logfile &PRINTER,,,,,,,,,,,,,,,,,,,,,,,,,0D0C0D,,N,118,ISO-8859-132,,,No,No,No,No,No,No,0,,0,,,0D0A,118,,,,N,Yes,Yes,Yes,No,No,No,No,No,No,No,No,No,,No,No,No,No,No,No,No,No,No,No,No,No,No,N,72,,,72,20,N,default,N,Y,public,No,N,,20,0,0,No,No,No,No,No,No,No,No,,No,No,No,No,No,No,No,No,,,,117,N,No,,,Yes,No,No,,,127
GWCVPS02,P2799,HPLaserJetM506,Canada,"HP Universal Printing PCL 6 <+> Version (08/23/2017,61.210.01.22695)",,<ip addr>,9100,,,,,,Branch #,Y,,Y,,Y,HP,PS,,,N,,N,LRSQUEUE,dynamic,N,HOLD,PDF,/opt/lrs/convert1/lrscvdr,PDF2PS &KEYPDF2PS -i &infile -type PDF -o &outfile -type PS -logdir &TMPDIR -logfile &PRINTER,,,,,,,,,,,,,,,,,,,,,,,,,0D0C0D,,N,119,ISO-8859-133,,,No,No,No,No,No,No,0,,0,,,0D0A,119,,,,N,Yes,Yes,Yes,No,No,No,No,No,No,No,No,No,,No,No,No,No,No,No,No,No,No,No,No,No,No,N,72,,,72,20,N,default,N,Y,public,No,N,,20,0,0,No,No,No,No,No,No,No,No,,No,No,No,No,No,No,No,No,,,,118,N,No,,,Yes,No,No,,,128
GWCVPS02,P2800,HPLaserJet600M602,Canada,"HP Universal Printing PCL 6 <+> Version (08/23/2017,61.210.01.22695)",,<ip addr>,9100,,,,,,Branch #,Y,,Y,,Y,HP,PS,,,N,,N,LRSQUEUE,dynamic,N,HOLD,PDF,/opt/lrs/convert1/lrscvdr,PDF2PS &KEYPDF2PS -i &infile -type PDF -o &outfile -type PS -logdir &TMPDIR -logfile &PRINTER,,,,,,,,,,,,,,,,,,,,,,,,,0D0C0D,,N,120,ISO-8859-134,,,No,No,No,No,No,No,0,,0,,,0D0A,120,,,,N,Yes,Yes,Yes,No,No,No,No,No,No,No,No,No,,No,No,No,No,No,No,No,No,No,No,No,No,No,N,72,,,72,20,N,default,N,Y,public,No,N,,20,0,0,No,No,No,No,No,No,No,No,,No,No,No,No,No,No,No,No,,,,119,N,No,,,Yes,No,No,,,129
GWCVPS02,P2801,HPLaserJet600M602,Canada,"HP Universal Printing PCL 6 <+> Version (08/23/2017,61.210.01.22695)",,<ip addr>,9100,,,,,,Branch #,Y,,Y,,Y,HP,PS,,,N,,N,LRSQUEUE,dynamic,N,HOLD,PDF,/opt/lrs/convert1/lrscvdr,PDF2PS &KEYPDF2PS -i &infile -type PDF -o &outfile -type PS -logdir &TMPDIR -logfile &PRINTER,,,,,,,,,,,,,,,,,,,,,,,,,0D0C0D,,N,121,ISO-8859-135,,,No,No,No,No,No,No,0,,0,,,0D0A,121,,,,N,Yes,Yes,Yes,No,No,No,No,No,No,No,No,No,,No,No,No,No,No,No,No,No,No,No,No,No,No,N,72,,,72,20,N,default,N,Y,public,No,N,,20,0,0,No,No,No,No,No,No,No,No,,No,No,No,No,No,No,No,No,,,,120,N,No,,,Yes,No,No,,,130
GWCVPS02,P2802,HPLaserJetM3035MFP,Canada,"HP Universal Printing PCL 6 <+> Version (08/23/2017,61.210.01.22695)",,<ip addr>,9100,,,,,,Branch #,Y,,Y,,Y,HP,PS,,,N,,N,LRSQUEUE,dynamic,N,HOLD,PDF,/opt/lrs/convert1/lrscvdr,PDF2PS &KEYPDF2PS -i &infile -type PDF -o &outfile -type PS -logdir &TMPDIR -logfile &PRINTER,,,,,,,,,,,,,,,,,,,,,,,,,0D0C0D,,N,122,ISO-8859-136,,,No,No,No,No,No,No,0,,0,,,0D0A,122,,,,N,Yes,Yes,Yes,No,No,No,No,No,No,No,No,No,,No,No,No,No,No,No,No,No,No,No,No,No,No,N,72,,,72,20,N,default,N,Y,public,No,N,,20,0,0,No,No,No,No,No,No,No,No,,No,No,No,No,No,No,No,No,,,,121,N,No,,,Yes,No,No,,,131
GWCVPS02,P2803,HPLaserJet,Canada,"HP Universal Printing PCL 6 <+> Version (08/23/2017,61.210.01.22695)",,<ip addr>,9100,,,,,,Branch #,Y,,Y,,Y,HP,PS,,,N,,N,LRSQUEUE,dynamic,N,HOLD,PDF,/opt/lrs/convert1/lrscvdr,PDF2PS &KEYPDF2PS -i &infile -type PDF -o &outfile -type PS -logdir &TMPDIR -logfile &PRINTER,,,,,,,,,,,,,,,,,,,,,,,,,0D0C0D,,N,123,ISO-8859-137,,,No,No,No,No,No,No,0,,0,,,0D0A,123,,,,N,Yes,Yes,Yes,No,No,No,No,No,No,No,No,No,,No,No,No,No,No,No,No,No,No,No,No,No,No,N,72,,,72,20,N,default,N,Y,public,No,N,,20,0,0,No,No,No,No,No,No,No,No,,No,No,No,No,No,No,No,No,,,,122,N,No,,,Yes,No,No,,,132
GWCVPS02,P2804,HPLaserJetM3035MFP,Canada,"HP Universal Printing PCL 6 <+> Version (08/23/2017,61.210.01.22695)",,<ip addr>,9100,,,,,,Branch #,Y,,Y,,Y,HP,PS,,,N,,N,LRSQUEUE,dynamic,N,HOLD,PDF,/opt/lrs/convert1/lrscvdr,PDF2PS &KEYPDF2PS -i &infile -type PDF -o &outfile -type PS -logdir &TMPDIR -logfile &PRINTER,,,,,,,,,,,,,,,,,,,,,,,,,0D0C0D,,N,124,ISO-8859-138,,,No,No,No,No,No,No,0,,0,,,0D0A,124,,,,N,Yes,Yes,Yes,No,No,No,No,No,No,No,No,No,,No,No,No,No,No,No,No,No,No,No,No,No,No,N,72,,,72,20,N,default,N,Y,public,No,N,,20,0,0,No,No,No,No,No,No,No,No,,No,No,No,No,No,No,No,No,,,,123,N,No,,,Yes,No,No,,,133
GWCVPS02,P2805,HPLaserJetP3010Series,Canada,"HP Universal Printing PCL 6 <+> Version (08/23/2017,61.210.01.22695)",,<ip addr>,9100,,,,,,Branch #,Y,,Y,,Y,HP,PS,,,N,,N,LRSQUEUE,dynamic,N,HOLD,PDF,/opt/lrs/convert1/lrscvdr,PDF2PS &KEYPDF2PS -i &infile -type PDF -o &outfile -type PS -logdir &TMPDIR -logfile &PRINTER,,,,,,,,,,,,,,,,,,,,,,,,,0D0C0D,,N,125,ISO-8859-139,,,No,No,No,No,No,No,0,,0,,,0D0A,125,,,,N,Yes,Yes,Yes,No,No,No,No,No,No,No,No,No,,No,No,No,No,No,No,No,No,No,No,No,No,No,N,72,,,72,20,N,default,N,Y,public,No,N,,20,0,0,No,No,No,No,No,No,No,No,,No,No,No,No,No,No,No,No,,,,124,N,No,,,Yes,No,No,,,134
GWCVPS02,P2806,HPPageWideColorMFP586,Canada,"HP Universal Printing PCL 6 <+> Version (08/23/2017,61.210.01.22695)",,<ip addr>,9100,,,,,,Branch #,Y,,Y,,Y,HP,PS,,,N,,N,LRSQUEUE,dynamic,N,HOLD,PDF,/opt/lrs/convert1/lrscvdr,PDF2PS &KEYPDF2PS -i &infile -type PDF -o &outfile -type PS -logdir &TMPDIR -logfile &PRINTER,,,,,,,,,,,,,,,,,,,,,,,,,0D0C0D,,N,126,ISO-8859-140,,,No,No,No,No,No,No,0,,0,,,0D0A,126,,,,N,Yes,Yes,Yes,No,No,No,No,No,No,No,No,No,,No,No,No,No,No,No,No,No,No,No,No,No,No,N,72,,,72,20,N,default,N,Y,public,No,N,,20,0,0,No,No,No,No,No,No,No,No,,No,No,No,No,No,No,No,No,,,,125,N,No,,,Yes,No,No,,,135
GWCVPS02,P2807,Officejet6500E710a-f,Canada,"HP Universal Printing PCL 6 <+> Version (08/23/2017,61.210.01.22695)",,<ip addr>,9100,,,,,,Branch #,Y,,Y,,Y,HP,PS,,,N,,N,LRSQUEUE,dynamic,N,HOLD,PDF,/opt/lrs/convert1/lrscvdr,PDF2PS &KEYPDF2PS -i &infile -type PDF -o &outfile -type PS -logdir &TMPDIR -logfile &PRINTER,,,,,,,,,,,,,,,,,,,,,,,,,0D0C0D,,N,127,ISO-8859-141,,,No,No,No,No,No,No,0,,0,,,0D0A,127,,,,N,Yes,Yes,Yes,No,No,No,No,No,No,No,No,No,,No,No,No,No,No,No,No,No,No,No,No,No,No,N,72,,,72,20,N,default,N,Y,public,No,N,,20,0,0,No,No,No,No,No,No,No,No,,No,No,No,No,No,No,No,No,,,,126,N,No,,,Yes,No,No,,,136
GWCVPS02,P2808,HPLaserJetM506,Canada,"HP Universal Printing PCL 6 <+> Version (08/23/2017,61.210.01.22695)",,<ip addr>,9100,,,,,,Branch #,Y,,Y,,Y,HP,PS,,,N,,N,LRSQUEUE,dynamic,N,HOLD,PDF,/opt/lrs/convert1/lrscvdr,PDF2PS &KEYPDF2PS -i &infile -type PDF -o &outfile -type PS -logdir &TMPDIR -logfile &PRINTER,,,,,,,,,,,,,,,,,,,,,,,,,0D0C0D,,N,128,ISO-8859-142,,,No,No,No,No,No,No,0,,0,,,0D0A,128,,,,N,Yes,Yes,Yes,No,No,No,No,No,No,No,No,No,,No,No,No,No,No,No,No,No,No,No,No,No,No,N,72,,,72,20,N,default,N,Y,public,No,N,,20,0,0,No,No,No,No,No,No,No,No,,No,No,No,No,No,No,No,No,,,,127,N,No,,,Yes,No,No,,,137
GWCVPS02,ZBCON055-06,ZTCZT410-300dpiZPL,Canada,,,<ip addr>,,,,,,,Branch #,Y,,Y,,Y,HP,PS,,,N,,N,LRSQUEUE,dynamic,N,HOLD,PDF,/opt/lrs/convert1/lrscvdr,PDF2PS &KEYPDF2PS -i &infile -type PDF -o &outfile -type PS -logdir &TMPDIR -logfile &PRINTER,,,,,,,,,,,,,,,,,,,,,,,,,0D0C0D,,N,129,ISO-8859-143,,,No,No,No,No,No,No,0,,0,,,0D0A,129,,,,N,Yes,Yes,Yes,No,No,No,No,No,No,No,No,No,,No,No,No,No,No,No,No,No,No,No,No,No,No,N,72,,,72,20,N,default,N,Y,public,No,N,,20,0,0,No,No,No,No,No,No,No,No,,No,No,No,No,No,No,No,No,,,,128,N,No,,,Yes,No,No,,,138
GWCVPS02,ZBCON015,ZTCZT410-203dpiZPL,Canada,,,<ip addr>,,,,,,,Branch #,Y,,Y,,Y,HP,PS,,,N,,N,LRSQUEUE,dynamic,N,HOLD,PDF,/opt/lrs/convert1/lrscvdr,PDF2PS &KEYPDF2PS -i &infile -type PDF -o &outfile -type PS -logdir &TMPDIR -logfile &PRINTER,,,,,,,,,,,,,,,,,,,,,,,,,0D0C0D,,N,130,ISO-8859-144,,,No,No,No,No,No,No,0,,0,,,0D0A,130,,,,N,Yes,Yes,Yes,No,No,No,No,No,No,No,No,No,,No,No,No,No,No,No,No,No,No,No,No,No,No,N,72,,,72,20,N,default,N,Y,public,No,N,,20,0,0,No,No,No,No,No,No,No,No,,No,No,No,No,No,No,No,No,,,,129,N,No,,,Yes,No,No,,,139
GWCVPS02,P2809,HPLaserJet400MFP,Canada,"HP Universal Printing PCL 6 <+> Version (08/23/2017,61.210.01.22695)",,<ip addr>,9100,,,,,,Branch #,Y,,Y,,Y,HP,PS,,,N,,N,LRSQUEUE,dynamic,N,HOLD,PDF,/opt/lrs/convert1/lrscvdr,PDF2PS &KEYPDF2PS -i &infile -type PDF -o &outfile -type PS -logdir &TMPDIR -logfile &PRINTER,,,,,,,,,,,,,,,,,,,,,,,,,0D0C0D,,N,131,ISO-8859-145,,,No,No,No,No,No,No,0,,0,,,0D0A,131,,,,N,Yes,Yes,Yes,No,No,No,No,No,No,No,No,No,,No,No,No,No,No,No,No,No,No,No,No,No,No,N,72,,,72,20,N,default,N,Y,public,No,N,,20,0,0,No,No,No,No,No,No,No,No,,No,No,No,No,No,No,No,No,,,,130,N,No,,,Yes,No,No,,,140
GWCVPS02,P2810,HPLaserJet,Canada,"HP Universal Printing PCL 6 <+> Version (08/23/2017,61.210.01.22695)",,<ip addr>,9100,,,,,,Branch #,Y,,Y,,Y,HP,PS,,,N,,N,LRSQUEUE,dynamic,N,HOLD,PDF,/opt/lrs/convert1/lrscvdr,PDF2PS &KEYPDF2PS -i &infile -type PDF -o &outfile -type PS -logdir &TMPDIR -logfile &PRINTER,,,,,,,,,,,,,,,,,,,,,,,,,0D0C0D,,N,132,ISO-8859-146,,,No,No,No,No,No,No,0,,0,,,0D0A,132,,,,N,Yes,Yes,Yes,No,No,No,No,No,No,No,No,No,,No,No,No,No,No,No,No,No,No,No,No,No,No,N,72,,,72,20,N,default,N,Y,public,No,N,,20,0,0,No,No,No,No,No,No,No,No,,No,No,No,No,No,No,No,No,,,,131,N,No,,,Yes,No,No,,,141
GWCVPS02,P2811,HPLaserJet,Canada,"HP Universal Printing PCL 6 <+> Version (08/23/2017,61.210.01.22695)",,<ip addr>,9100,,,,,,Branch #,Y,,Y,,Y,HP,PS,,,N,,N,LRSQUEUE,dynamic,N,HOLD,PDF,/opt/lrs/convert1/lrscvdr,PDF2PS &KEYPDF2PS -i &infile -type PDF -o &outfile -type PS -logdir &TMPDIR -logfile &PRINTER,,,,,,,,,,,,,,,,,,,,,,,,,0D0C0D,,N,133,ISO-8859-147,,,No,No,No,No,No,No,0,,0,,,0D0A,133,,,,N,Yes,Yes,Yes,No,No,No,No,No,No,No,No,No,,No,No,No,No,No,No,No,No,No,No,No,No,No,N,72,,,72,20,N,default,N,Y,public,No,N,,20,0,0,No,No,No,No,No,No,No,No,,No,No,No,No,No,No,No,No,,,,132,N,No,,,Yes,No,No,,,142
GWCVPS02,P2812,HPLaserJetMFPM631,Canada,"HP Universal Printing PCL 6 <+> Version (08/23/2017,61.210.01.22695)",,<ip addr>,9100,,,,,,Branch #,Y,,Y,,Y,HP,PS,,,N,,N,LRSQUEUE,dynamic,N,HOLD,PDF,/opt/lrs/convert1/lrscvdr,PDF2PS &KEYPDF2PS -i &infile -type PDF -o &outfile -type PS -logdir &TMPDIR -logfile &PRINTER,,,,,,,,,,,,,,,,,,,,,,,,,0D0C0D,,N,134,ISO-8859-148,,,No,No,No,No,No,No,0,,0,,,0D0A,134,,,,N,Yes,Yes,Yes,No,No,No,No,No,No,No,No,No,,No,No,No,No,No,No,No,No,No,No,No,No,No,N,72,,,72,20,N,default,N,Y,public,No,N,,20,0,0,No,No,No,No,No,No,No,No,,No,No,No,No,No,No,No,No,,,,133,N,No,,,Yes,No,No,,,143
GWCVPS02,P2813,HPLaserJet,Canada,"HP Universal Printing PCL 6 <+> Version (08/23/2017,61.210.01.22695)",,<ip addr>,9100,,,,,,Branch #,Y,,Y,,Y,HP,PS,,,N,,N,LRSQUEUE,dynamic,N,HOLD,PDF,/opt/lrs/convert1/lrscvdr,PDF2PS &KEYPDF2PS -i &infile -type PDF -o &outfile -type PS -logdir &TMPDIR -logfile &PRINTER,,,,,,,,,,,,,,,,,,,,,,,,,0D0C0D,,N,135,ISO-8859-149,,,No,No,No,No,No,No,0,,0,,,0D0A,135,,,,N,Yes,Yes,Yes,No,No,No,No,No,No,No,No,No,,No,No,No,No,No,No,No,No,No,No,No,No,No,N,72,,,72,20,N,default,N,Y,public,No,N,,20,0,0,No,No,No,No,No,No,No,No,,No,No,No,No,No,No,No,No,,,,134,N,No,,,Yes,No,No,,,144
GWCVPS02,P2814,HPLaserJet,Canada,"HP Universal Printing PCL 6 <+> Version (08/23/2017,61.210.01.22695)",,<ip addr>,9100,,,,,,Branch #,Y,,Y,,Y,HP,PS,,,N,,N,LRSQUEUE,dynamic,N,HOLD,PDF,/opt/lrs/convert1/lrscvdr,PDF2PS &KEYPDF2PS -i &infile -type PDF -o &outfile -type PS -logdir &TMPDIR -logfile &PRINTER,,,,,,,,,,,,,,,,,,,,,,,,,0D0C0D,,N,136,ISO-8859-150,,,No,No,No,No,No,No,0,,0,,,0D0A,136,,,,N,Yes,Yes,Yes,No,No,No,No,No,No,No,No,No,,No,No,No,No,No,No,No,No,No,No,No,No,No,N,72,,,72,20,N,default,N,Y,public,No,N,,20,0,0,No,No,No,No,No,No,No,No,,No,No,No,No,No,No,No,No,,,,135,N,No,,,Yes,No,No,,,145
GWCVPS02,P2815,HPLaserJet,Canada,"HP Universal Printing PCL 6 <+> Version (08/23/2017,61.210.01.22695)",,<ip addr>,9100,,,,,,Branch #,Y,,Y,,Y,HP,PS,,,N,,N,LRSQUEUE,dynamic,N,HOLD,PDF,/opt/lrs/convert1/lrscvdr,PDF2PS &KEYPDF2PS -i &infile -type PDF -o &outfile -type PS -logdir &TMPDIR -logfile &PRINTER,,,,,,,,,,,,,,,,,,,,,,,,,0D0C0D,,N,137,ISO-8859-151,,,No,No,No,No,No,No,0,,0,,,0D0A,137,,,,N,Yes,Yes,Yes,No,No,No,No,No,No,No,No,No,,No,No,No,No,No,No,No,No,No,No,No,No,No,N,72,,,72,20,N,default,N,Y,public,No,N,,20,0,0,No,No,No,No,No,No,No,No,,No,No,No,No,No,No,No,No,,,,136,N,No,,,Yes,No,No,,,146
GWCVPS02,P2816,HPLaserJet600M602,Canada,"HP Universal Printing PCL 6 <+> Version (08/23/2017,61.210.01.22695)",,<ip addr>,9100,,,,,,Branch #,Y,,Y,,Y,HP,PS,,,N,,N,LRSQUEUE,dynamic,N,HOLD,PDF,/opt/lrs/convert1/lrscvdr,PDF2PS &KEYPDF2PS -i &infile -type PDF -o &outfile -type PS -logdir &TMPDIR -logfile &PRINTER,,,,,,,,,,,,,,,,,,,,,,,,,0D0C0D,,N,138,ISO-8859-152,,,No,No,No,No,No,No,0,,0,,,0D0A,138,,,,N,Yes,Yes,Yes,No,No,No,No,No,No,No,No,No,,No,No,No,No,No,No,No,No,No,No,No,No,No,N,72,,,72,20,N,default,N,Y,public,No,N,,20,0,0,No,No,No,No,No,No,No,No,,No,No,No,No,No,No,No,No,,,,137,N,No,,,Yes,No,No,,,147
GWCVPS02,P2817,HPLaserJet600M602,Canada,"HP Universal Printing PCL 6 <+> Version (08/23/2017,61.210.01.22695)",,<ip addr>,9100,,,,,,Branch #,Y,,Y,,Y,HP,PS,,,N,,N,LRSQUEUE,dynamic,N,HOLD,PDF,/opt/lrs/convert1/lrscvdr,PDF2PS &KEYPDF2PS -i &infile -type PDF -o &outfile -type PS -logdir &TMPDIR -logfile &PRINTER,,,,,,,,,,,,,,,,,,,,,,,,,0D0C0D,,N,139,ISO-8859-153,,,No,No,No,No,No,No,0,,0,,,0D0A,139,,,,N,Yes,Yes,Yes,No,No,No,No,No,No,No,No,No,,No,No,No,No,No,No,No,No,No,No,No,No,No,N,72,,,72,20,N,default,N,Y,public,No,N,,20,0,0,No,No,No,No,No,No,No,No,,No,No,No,No,No,No,No,No,,,,138,N,No,,,Yes,No,No,,,148
GWCVPS02,P2818,HPLaserJetP3010Series,Canada,"HP Universal Printing PCL 6 <+> Version (08/23/2017,61.210.01.22695)",,<ip addr>,9100,,,,,,Branch #,Y,,Y,,Y,HP,PS,,,N,,N,LRSQUEUE,dynamic,N,HOLD,PDF,/opt/lrs/convert1/lrscvdr,PDF2PS &KEYPDF2PS -i &infile -type PDF -o &outfile -type PS -logdir &TMPDIR -logfile &PRINTER,,,,,,,,,,,,,,,,,,,,,,,,,0D0C0D,,N,140,ISO-8859-154,,,No,No,No,No,No,No,0,,0,,,0D0A,140,,,,N,Yes,Yes,Yes,No,No,No,No,No,No,No,No,No,,No,No,No,No,No,No,No,No,No,No,No,No,No,N,72,,,72,20,N,default,N,Y,public,No,N,,20,0,0,No,No,No,No,No,No,No,No,,No,No,No,No,No,No,No,No,,,,139,N,No,,,Yes,No,No,,,149
GWCVPS02,P2819,RICOHAficioMP161,Canada,"HP Universal Printing PCL 6 <+> Version (08/23/2017,61.210.01.22695)",,<ip addr>,9100,,,,,,Branch #,Y,,Y,,Y,HP,PS,,,N,,N,LRSQUEUE,dynamic,N,HOLD,PDF,/opt/lrs/convert1/lrscvdr,PDF2PS &KEYPDF2PS -i &infile -type PDF -o &outfile -type PS -logdir &TMPDIR -logfile &PRINTER,,,,,,,,,,,,,,,,,,,,,,,,,0D0C0D,,N,141,ISO-8859-155,,,No,No,No,No,No,No,0,,0,,,0D0A,141,,,,N,Yes,Yes,Yes,No,No,No,No,No,No,No,No,No,,No,No,No,No,No,No,No,No,No,No,No,No,No,N,72,,,72,20,N,default,N,Y,public,No,N,,20,0,0,No,No,No,No,No,No,No,No,,No,No,No,No,No,No,No,No,,,,140,N,No,,,Yes,No,No,,,150
GWCVPS02,P2820,HPPageWideColorMFP586,Canada,"HP Universal Printing PCL 6 <+> Version (08/23/2017,61.210.01.22695)",,<ip addr>,9100,,,,,,Branch #,Y,,Y,,Y,HP,PS,,,N,,N,LRSQUEUE,dynamic,N,HOLD,PDF,/opt/lrs/convert1/lrscvdr,PDF2PS &KEYPDF2PS -i &infile -type PDF -o &outfile -type PS -logdir &TMPDIR -logfile &PRINTER,,,,,,,,,,,,,,,,,,,,,,,,,0D0C0D,,N,142,ISO-8859-156,,,No,No,No,No,No,No,0,,0,,,0D0A,142,,,,N,Yes,Yes,Yes,No,No,No,No,No,No,No,No,No,,No,No,No,No,No,No,No,No,No,No,No,No,No,N,72,,,72,20,N,default,N,Y,public,No,N,,20,0,0,No,No,No,No,No,No,No,No,,No,No,No,No,No,No,No,No,,,,141,N,No,,,Yes,No,No,,,151
GWCVPS02,P2821,HPLaserJetM3035MFP,Canada,"HP Universal Printing PCL 6 <+> Version (08/23/2017,61.210.01.22695)",,<ip addr>,9100,,,,,,Branch #,Y,,Y,,Y,HP,PS,,,N,,N,LRSQUEUE,dynamic,N,HOLD,PDF,/opt/lrs/convert1/lrscvdr,PDF2PS &KEYPDF2PS -i &infile -type PDF -o &outfile -type PS -logdir &TMPDIR -logfile &PRINTER,,,,,,,,,,,,,,,,,,,,,,,,,0D0C0D,,N,143,ISO-8859-157,,,No,No,No,No,No,No,0,,0,,,0D0A,143,,,,N,Yes,Yes,Yes,No,No,No,No,No,No,No,No,No,,No,No,No,No,No,No,No,No,No,No,No,No,No,N,72,,,72,20,N,default,N,Y,public,No,N,,20,0,0,No,No,No,No,No,No,No,No,,No,No,No,No,No,No,No,No,,,,142,N,No,,,Yes,No,No,,,152
GWCVPS02,P2822,HPPageWideColorMFP586,Canada,"HP Universal Printing PCL 6 <+> Version (08/23/2017,61.210.01.22695)",,<ip addr>,9100,,,,,,Branch #,Y,,Y,,Y,HP,PS,,,N,,N,LRSQUEUE,dynamic,N,HOLD,PDF,/opt/lrs/convert1/lrscvdr,PDF2PS &KEYPDF2PS -i &infile -type PDF -o &outfile -type PS -logdir &TMPDIR -logfile &PRINTER,,,,,,,,,,,,,,,,,,,,,,,,,0D0C0D,,N,144,ISO-8859-158,,,No,No,No,No,No,No,0,,0,,,0D0A,144,,,,N,Yes,Yes,Yes,No,No,No,No,No,No,No,No,No,,No,No,No,No,No,No,No,No,No,No,No,No,No,N,72,,,72,20,N,default,N,Y,public,No,N,,20,0,0,No,No,No,No,No,No,No,No,,No,No,No,No,No,No,No,No,,,,143,N,No,,,Yes,No,No,,,153
GWCVPS02,P2823,HPLaserJetM506,Canada,"HP Universal Printing PCL 6 <+> Version (08/23/2017,61.210.01.22695)",,<ip addr>,9100,,,,,,Branch #,Y,,Y,,Y,HP,PS,,,N,,N,LRSQUEUE,dynamic,N,HOLD,PDF,/opt/lrs/convert1/lrscvdr,PDF2PS &KEYPDF2PS -i &infile -type PDF -o &outfile -type PS -logdir &TMPDIR -logfile &PRINTER,,,,,,,,,,,,,,,,,,,,,,,,,0D0C0D,,N,145,ISO-8859-159,,,No,No,No,No,No,No,0,,0,,,0D0A,145,,,,N,Yes,Yes,Yes,No,No,No,No,No,No,No,No,No,,No,No,No,No,No,No,No,No,No,No,No,No,No,N,72,,,72,20,N,default,N,Y,public,No,N,,20,0,0,No,No,No,No,No,No,No,No,,No,No,No,No,No,No,No,No,,,,144,N,No,,,Yes,No,No,,,154
GWCVPS02,P2824,HPLaserJetM506,Canada,"HP Universal Printing PCL 6 <+> Version (08/23/2017,61.210.01.22695)",,<ip addr>,9100,,,,,,Branch #,Y,,Y,,Y,HP,PS,,,N,,N,LRSQUEUE,dynamic,N,HOLD,PDF,/opt/lrs/convert1/lrscvdr,PDF2PS &KEYPDF2PS -i &infile -type PDF -o &outfile -type PS -logdir &TMPDIR -logfile &PRINTER,,,,,,,,,,,,,,,,,,,,,,,,,0D0C0D,,N,146,ISO-8859-160,,,No,No,No,No,No,No,0,,0,,,0D0A,146,,,,N,Yes,Yes,Yes,No,No,No,No,No,No,No,No,No,,No,No,No,No,No,No,No,No,No,No,No,No,No,N,72,,,72,20,N,default,N,Y,public,No,N,,20,0,0,No,No,No,No,No,No,No,No,,No,No,No,No,No,No,No,No,,,,145,N,No,,,Yes,No,No,,,155
GWCVPS02,P2825,HPLaserJetM506,Canada,"HP Universal Printing PCL 6 <+> Version (08/23/2017,61.210.01.22695)",,<ip addr>,9100,,,,,,Branch #,Y,,Y,,Y,HP,PS,,,N,,N,LRSQUEUE,dynamic,N,HOLD,PDF,/opt/lrs/convert1/lrscvdr,PDF2PS &KEYPDF2PS -i &infile -type PDF -o &outfile -type PS -logdir &TMPDIR -logfile &PRINTER,,,,,,,,,,,,,,,,,,,,,,,,,0D0C0D,,N,147,ISO-8859-161,,,No,No,No,No,No,No,0,,0,,,0D0A,147,,,,N,Yes,Yes,Yes,No,No,No,No,No,No,No,No,No,,No,No,No,No,No,No,No,No,No,No,No,No,No,N,72,,,72,20,N,default,N,Y,public,No,N,,20,0,0,No,No,No,No,No,No,No,No,,No,No,No,No,No,No,No,No,,,,146,N,No,,,Yes,No,No,,,156
GWCVPS02,P2826,HPLaserJetM3035MFP,Canada,"HP Universal Printing PCL 6 <+> Version (08/23/2017,61.210.01.22695)",,<ip addr>,9100,,,,,,Branch #,Y,,Y,,Y,HP,PS,,,N,,N,LRSQUEUE,dynamic,N,HOLD,PDF,/opt/lrs/convert1/lrscvdr,PDF2PS &KEYPDF2PS -i &infile -type PDF -o &outfile -type PS -logdir &TMPDIR -logfile &PRINTER,,,,,,,,,,,,,,,,,,,,,,,,,0D0C0D,,N,148,ISO-8859-162,,,No,No,No,No,No,No,0,,0,,,0D0A,148,,,,N,Yes,Yes,Yes,No,No,No,No,No,No,No,No,No,,No,No,No,No,No,No,No,No,No,No,No,No,No,N,72,,,72,20,N,default,N,Y,public,No,N,,20,0,0,No,No,No,No,No,No,No,No,,No,No,No,No,No,No,No,No,,,,147,N,No,,,Yes,No,No,,,157
GWCVPS02,P2827,HPLaserJetM506,Canada,"HP Universal Printing PCL 6 <+> Version (08/23/2017,61.210.01.22695)",,<ip addr>,9100,,,,,,Branch #,Y,,Y,,Y,HP,PS,,,N,,N,LRSQUEUE,dynamic,N,HOLD,PDF,/opt/lrs/convert1/lrscvdr,PDF2PS &KEYPDF2PS -i &infile -type PDF -o &outfile -type PS -logdir &TMPDIR -logfile &PRINTER,,,,,,,,,,,,,,,,,,,,,,,,,0D0C0D,,N,149,ISO-8859-163,,,No,No,No,No,No,No,0,,0,,,0D0A,149,,,,N,Yes,Yes,Yes,No,No,No,No,No,No,No,No,No,,No,No,No,No,No,No,No,No,No,No,No,No,No,N,72,,,72,20,N,default,N,Y,public,No,N,,20,0,0,No,No,No,No,No,No,No,No,,No,No,No,No,No,No,No,No,,,,148,N,No,,,Yes,No,No,,,158
GWCVPS02,P2828,HPLaserJetMFPM630,Canada,"HP Universal Printing PCL 6 <+> Version (08/23/2017,61.210.01.22695)",,<ip addr>,9100,,,,,,Branch #,Y,,Y,,Y,HP,PS,,,N,,N,LRSQUEUE,dynamic,N,HOLD,PDF,/opt/lrs/convert1/lrscvdr,PDF2PS &KEYPDF2PS -i &infile -type PDF -o &outfile -type PS -logdir &TMPDIR -logfile &PRINTER,,,,,,,,,,,,,,,,,,,,,,,,,0D0C0D,,N,150,ISO-8859-164,,,No,No,No,No,No,No,0,,0,,,0D0A,150,,,,N,Yes,Yes,Yes,No,No,No,No,No,No,No,No,No,,No,No,No,No,No,No,No,No,No,No,No,No,No,N,72,,,72,20,N,default,N,Y,public,No,N,,20,0,0,No,No,No,No,No,No,No,No,,No,No,No,No,No,No,No,No,,,,149,N,No,,,Yes,No,No,,,159
GWCVPS02,P2829,HPLaserJetM506,Canada,"HP Universal Printing PCL 6 <+> Version (08/23/2017,61.210.01.22695)",,<ip addr>,9100,,,,,,Branch #,Y,,Y,,Y,HP,PS,,,N,,N,LRSQUEUE,dynamic,N,HOLD,PDF,/opt/lrs/convert1/lrscvdr,PDF2PS &KEYPDF2PS -i &infile -type PDF -o &outfile -type PS -logdir &TMPDIR -logfile &PRINTER,,,,,,,,,,,,,,,,,,,,,,,,,0D0C0D,,N,151,ISO-8859-165,,,No,No,No,No,No,No,0,,0,,,0D0A,151,,,,N,Yes,Yes,Yes,No,No,No,No,No,No,No,No,No,,No,No,No,No,No,No,No,No,No,No,No,No,No,N,72,,,72,20,N,default,N,Y,public,No,N,,20,0,0,No,No,No,No,No,No,No,No,,No,No,No,No,No,No,No,No,,,,150,N,No,,,Yes,No,No,,,160
GWCVPS02,P2830,HPLaserJetMFPM426f,Canada,"HP Universal Printing PCL 6 <+> Version (08/23/2017,61.210.01.22695)",,<ip addr>,9100,,,,,,Branch #,Y,,Y,,Y,HP,PS,,,N,,N,LRSQUEUE,dynamic,N,HOLD,PDF,/opt/lrs/convert1/lrscvdr,PDF2PS &KEYPDF2PS -i &infile -type PDF -o &outfile -type PS -logdir &TMPDIR -logfile &PRINTER,,,,,,,,,,,,,,,,,,,,,,,,,0D0C0D,,N,152,ISO-8859-166,,,No,No,No,No,No,No,0,,0,,,0D0A,152,,,,N,Yes,Yes,Yes,No,No,No,No,No,No,No,No,No,,No,No,No,No,No,No,No,No,No,No,No,No,No,N,72,,,72,20,N,default,N,Y,public,No,N,,20,0,0,No,No,No,No,No,No,No,No,,No,No,No,No,No,No,No,No,,,,151,N,No,,,Yes,No,No,,,161
GWCVPS02,P2831,HPLaserJetM506,Canada,"HP Universal Printing PCL 6 <+> Version (08/23/2017,61.210.01.22695)",,<ip addr>,9100,,,,,,Branch #,Y,,Y,,Y,HP,PS,,,N,,N,LRSQUEUE,dynamic,N,HOLD,PDF,/opt/lrs/convert1/lrscvdr,PDF2PS &KEYPDF2PS -i &infile -type PDF -o &outfile -type PS -logdir &TMPDIR -logfile &PRINTER,,,,,,,,,,,,,,,,,,,,,,,,,0D0C0D,,N,153,ISO-8859-167,,,No,No,No,No,No,No,0,,0,,,0D0A,153,,,,N,Yes,Yes,Yes,No,No,No,No,No,No,No,No,No,,No,No,No,No,No,No,No,No,No,No,No,No,No,N,72,,,72,20,N,default,N,Y,public,No,N,,20,0,0,No,No,No,No,No,No,No,No,,No,No,No,No,No,No,No,No,,,,152,N,No,,,Yes,No,No,,,162
GWCVPS02,P2832,HPLaserJetM506,Canada,"HP Universal Printing PCL 6 <+> Version (08/23/2017,61.210.01.22695)",,<ip addr>,9100,,,,,,Branch #,Y,,Y,,Y,HP,PS,,,N,,N,LRSQUEUE,dynamic,N,HOLD,PDF,/opt/lrs/convert1/lrscvdr,PDF2PS &KEYPDF2PS -i &infile -type PDF -o &outfile -type PS -logdir &TMPDIR -logfile &PRINTER,,,,,,,,,,,,,,,,,,,,,,,,,0D0C0D,,N,154,ISO-8859-168,,,No,No,No,No,No,No,0,,0,,,0D0A,154,,,,N,Yes,Yes,Yes,No,No,No,No,No,No,No,No,No,,No,No,No,No,No,No,No,No,No,No,No,No,No,N,72,,,72,20,N,default,N,Y,public,No,N,,20,0,0,No,No,No,No,No,No,No,No,,No,No,No,No,No,No,No,No,,,,153,N,No,,,Yes,No,No,,,163
GWCVPS02,P2833,HPLaserJetMFPM426f,Canada,"HP Universal Printing PCL 6 <+> Version (08/23/2017,61.210.01.22695)",,<ip addr>,9100,,,,,,Branch #,Y,,Y,,Y,HP,PS,,,N,,N,LRSQUEUE,dynamic,N,HOLD,PDF,/opt/lrs/convert1/lrscvdr,PDF2PS &KEYPDF2PS -i &infile -type PDF -o &outfile -type PS -logdir &TMPDIR -logfile &PRINTER,,,,,,,,,,,,,,,,,,,,,,,,,0D0C0D,,N,155,ISO-8859-169,,,No,No,No,No,No,No,0,,0,,,0D0A,155,,,,N,Yes,Yes,Yes,No,No,No,No,No,No,No,No,No,,No,No,No,No,No,No,No,No,No,No,No,No,No,N,72,,,72,20,N,default,N,Y,public,No,N,,20,0,0,No,No,No,No,No,No,No,No,,No,No,No,No,No,No,No,No,,,,154,N,No,,,Yes,No,No,,,164
GWCVPS02,P2834,HPLaserJetM506,Canada,"HP Universal Printing PCL 6 <+> Version (08/23/2017,61.210.01.22695)",,<ip addr>,9100,,,,,,Branch #,Y,,Y,,Y,HP,PS,,,N,,N,LRSQUEUE,dynamic,N,HOLD,PDF,/opt/lrs/convert1/lrscvdr,PDF2PS &KEYPDF2PS -i &infile -type PDF -o &outfile -type PS -logdir &TMPDIR -logfile &PRINTER,,,,,,,,,,,,,,,,,,,,,,,,,0D0C0D,,N,156,ISO-8859-170,,,No,No,No,No,No,No,0,,0,,,0D0A,156,,,,N,Yes,Yes,Yes,No,No,No,No,No,No,No,No,No,,No,No,No,No,No,No,No,No,No,No,No,No,No,N,72,,,72,20,N,default,N,Y,public,No,N,,20,0,0,No,No,No,No,No,No,No,No,,No,No,No,No,No,No,No,No,,,,155,N,No,,,Yes,No,No,,,165
GWCVPS02,ZBCON062,ZTCZT410-203dpiZPL,Canada,,,<ip addr>,,,,,,,Branch #,Y,,Y,,Y,HP,PS,,,N,,N,LRSQUEUE,dynamic,N,HOLD,PDF,/opt/lrs/convert1/lrscvdr,PDF2PS &KEYPDF2PS -i &infile -type PDF -o &outfile -type PS -logdir &TMPDIR -logfile &PRINTER,,,,,,,,,,,,,,,,,,,,,,,,,0D0C0D,,N,157,ISO-8859-171,,,No,No,No,No,No,No,0,,0,,,0D0A,157,,,,N,Yes,Yes,Yes,No,No,No,No,No,No,No,No,No,,No,No,No,No,No,No,No,No,No,No,No,No,No,N,72,,,72,20,N,default,N,Y,public,No,N,,20,0,0,No,No,No,No,No,No,No,No,,No,No,No,No,No,No,No,No,,,,156,N,No,,,Yes,No,No,,,166
,,,,,,,,,,,,,,Y,,Y,,Y,HP,PS,,,N,,N,LRSQUEUE,dynamic,N,HOLD,PDF,/opt/lrs/convert1/lrscvdr,PDF2PS &KEYPDF2PS -i &infile -type PDF -o &outfile -type PS -logdir &TMPDIR -logfile &PRINTER,,,,,,,,,,,,,,,,,,,,,,,,,0D0C0D,,N,159,ISO-8859-173,,,No,No,No,No,No,No,0,,0,,,0D0A,159,,,,N,Yes,Yes,Yes,No,No,No,No,No,No,No,No,No,,No,No,No,No,No,No,No,No,No,No,No,No,No,N,72,,,72,20,N,default,N,Y,public,No,N,,20,0,0,No,No,No,No,No,No,No,No,,No,No,No,No,No,No,No,No,,,,158,N,No,,,Yes,No,No,,,168
